7647,Mckayla Hardin,13,24hardin7647@asfm.mx
8886,Jaidyn Faulkner,5,24faulkner8886@asfm.mx
7570,Charlie Estes,37,26estes7570@asfm.mx
7922,Sara Bates,94,25bates7922@asfm.mx
9562,Rylie Mahoney,38,23mahoney9562@asfm.mx
8763,Jett Parrish,28,23parrish8763@asfm.mx
7823,Isaac Hampton,23,26hampton7823@asfm.mx
9634,Freddy Romero,37,23romero9634@asfm.mx
6325,Raquel Glover,46,26glover6325@asfm.mx
8569,Franklin Cooper,29,24cooper8569@asfm.mx
8089,Raquel Glover,1,26glover8089@asfm.mx
7497,Giovanna Hester,83,26hester7497@asfm.mx
6421,Mina Alexander,87,23alexander6421@asfm.mx
8942,Justine Watts,9,25watts8942@asfm.mx
6315,Jair Barker,46,23barker6315@asfm.mx
9852,Santino Ashley,22,24ashley9852@asfm.mx
6910,Ingrid Sexton,71,24sexton6910@asfm.mx
9566,Jamari Horne,45,23horne9566@asfm.mx
9397,Terrance Avery,5,26avery9397@asfm.mx
7389,Lara Delacruz,40,23delacruz7389@asfm.mx
6731,Madeline Houston,30,25houston6731@asfm.mx
8112,Giovanna Vega,100,26vega8112@asfm.mx
7094,Abigayle Benjamin,36,24benjamin7094@asfm.mx
7896,Giovanna Hester,39,26hester7896@asfm.mx
9051,Ronnie Clarke,96,25clarke9051@asfm.mx
6454,Kian Stanton,35,23stanton6454@asfm.mx
7969,Braylon Sherman,22,24sherman7969@asfm.mx
7276,Brandon Logan,98,23logan7276@asfm.mx
7542,Antonio Yang,50,23yang7542@asfm.mx
7928,Jaida Melton,2,25melton7928@asfm.mx
7122,Urijah Rowe,75,24rowe7122@asfm.mx
6726,Maxwell Macdonald,42,24macdonald6726@asfm.mx
6257,Chasity Padilla,71,23padilla6257@asfm.mx
6047,Dahlia Burch,61,23burch6047@asfm.mx
8139,Alena Sellers,44,24sellers8139@asfm.mx
7802,Damarion Munoz,87,24munoz7802@asfm.mx
6691,Reagan Gray,28,25gray6691@asfm.mx
7479,Layla Baird,85,24baird7479@asfm.mx
6034,Cullen Brooks,7,23brooks6034@asfm.mx
7052,Alyssa Turner,82,24turner7052@asfm.mx
8999,Jenna Schaefer,5,24schaefer8999@asfm.mx
7962,Ramiro Webb,76,25webb7962@asfm.mx
7202,Precious Guzman,35,23guzman7202@asfm.mx
9189,Kyler Huang,42,23huang9189@asfm.mx
7637,Haven Baldwin,25,23baldwin7637@asfm.mx
7604,Alfred Kennedy,92,24kennedy7604@asfm.mx
8097,Tristen Mora,45,24mora8097@asfm.mx
9200,Valeria Rosario,3,23rosario9200@asfm.mx
8720,Hanna Osborne,63,25osborne8720@asfm.mx
9491,Makenzie Mccarthy,76,25mccarthy9491@asfm.mx
8187,Izayah Rich,64,24rich8187@asfm.mx
7291,Jovanny Welch,80,25welch7291@asfm.mx
9869,Nathalie Mcguire,52,25mcguire9869@asfm.mx
6063,Alonso Yoder,82,24yoder6063@asfm.mx
8591,Dylan Camacho,10,25camacho8591@asfm.mx
6010,German Kemp,0,26kemp6010@asfm.mx
7244,Cassidy Weaver,86,26weaver7244@asfm.mx
8906,Eduardo Hood,52,25hood8906@asfm.mx
6245,Aarav Norris,93,24norris6245@asfm.mx
9400,Cole Walters,18,23walters9400@asfm.mx
7235,Catalina Montoya,94,25montoya7235@asfm.mx
8842,Lillian Richard,47,23richard8842@asfm.mx
8652,Kaiden Estes,75,25estes8652@asfm.mx
9241,Libby Galloway,95,24galloway9241@asfm.mx
6403,Pedro Ramsey,3,26ramsey6403@asfm.mx
7361,Johnathan Ford,74,23ford7361@asfm.mx
6637,Jacqueline Key,21,23key6637@asfm.mx
8850,Efrain Shelton,41,25shelton8850@asfm.mx
7498,Cristofer Holder,94,24holder7498@asfm.mx
9932,Raphael Hartman,53,23hartman9932@asfm.mx
9250,Dahlia Fowler,29,25fowler9250@asfm.mx
7742,Zoey Arroyo,13,24arroyo7742@asfm.mx
7044,Jamiya Fields,11,26fields7044@asfm.mx
8182,Clara Salas,24,26salas8182@asfm.mx
9088,Owen Crane,76,26crane9088@asfm.mx
6760,Ashlynn Mccann,29,24mccann6760@asfm.mx
8900,Carla Waller,16,26waller8900@asfm.mx
8534,Genesis Clay,99,25clay8534@asfm.mx
9532,Braiden Campos,9,25campos9532@asfm.mx
6407,Emilee Keith,54,26keith6407@asfm.mx
6612,Jessica Norton,0,23norton6612@asfm.mx
7645,Nola Browning,71,25browning7645@asfm.mx
7598,Bronson Allen,25,24allen7598@asfm.mx
6695,Hanna Huynh,34,25huynh6695@asfm.mx
7112,Lindsey Hill,67,25hill7112@asfm.mx
8111,Amirah Gillespie,12,24gillespie8111@asfm.mx
8440,Marc Luna,90,25luna8440@asfm.mx
7199,Kyson Ingram,83,23ingram7199@asfm.mx
9052,Shamar Mcgee,95,26mcgee9052@asfm.mx
8357,Makenna Byrd,15,26byrd8357@asfm.mx
8208,Quentin Solomon,23,26solomon8208@asfm.mx
8015,Omar Bell,60,24bell8015@asfm.mx
9775,Belen Haas,16,23haas9775@asfm.mx
9568,Devon Vazquez,90,23vazquez9568@asfm.mx
9778,Kaila Kelly,60,24kelly9778@asfm.mx
9020,Bryan Santiago,38,25santiago9020@asfm.mx
9904,Trenton Calhoun,66,23calhoun9904@asfm.mx
9961,Brian Pena,84,26pena9961@asfm.mx
9944,Holden Beltran,74,25beltran9944@asfm.mx
9377,Lucian Cochran,63,25cochran9377@asfm.mx
9136,Jovanny Welch,14,23welch9136@asfm.mx
8677,Mina Briggs,39,24briggs8677@asfm.mx
9327,Virginia Moyer,38,25moyer9327@asfm.mx
8714,Konnor Thornton,60,23thornton8714@asfm.mx
6901,Gary Montoya,52,23montoya6901@asfm.mx
7942,Boston Fletcher,65,23fletcher7942@asfm.mx
9444,Ava Hinton,18,25hinton9444@asfm.mx
7203,Akira Waters,36,23waters7203@asfm.mx
6498,Stephany Hickman,95,25hickman6498@asfm.mx
8855,Mya Reese,0,26reese8855@asfm.mx
9316,Asa Kelly,86,23kelly9316@asfm.mx
7398,Cullen Dorsey,30,25dorsey7398@asfm.mx
6291,Miracle Dean,22,23dean6291@asfm.mx
9421,Deja Foster,99,24foster9421@asfm.mx
6219,Kyan Humphrey,43,23humphrey6219@asfm.mx
6870,Genesis Shah,37,25shah6870@asfm.mx
6061,Julius Kim,95,24kim6061@asfm.mx
6255,Freddy Romero,38,25romero6255@asfm.mx
8536,Keith Hebert,48,24hebert8536@asfm.mx
7113,Zackary Foster,73,24foster7113@asfm.mx
8470,Alena Sandoval,79,24sandoval8470@asfm.mx
7915,Hugh Richards,24,25richards7915@asfm.mx
8086,Nicholas Charles,71,26charles8086@asfm.mx
7923,Rohan Gray,68,24gray7923@asfm.mx
7084,Tyrell Horne,54,23horne7084@asfm.mx
7697,Francesca Villa,86,25villa7697@asfm.mx
7789,Jagger Stuart,12,23stuart7789@asfm.mx
7633,Alexander Drake,89,23drake7633@asfm.mx
9609,Kaitlyn Richard,25,26richard9609@asfm.mx
6297,Mareli Lowery,97,26lowery6297@asfm.mx
8577,Macy Carlson,2,26carlson8577@asfm.mx
9464,Mylee Gentry,95,24gentry9464@asfm.mx
6256,Rylee Orr,23,24orr6256@asfm.mx
9839,Isaac Hampton,70,23hampton9839@asfm.mx
7530,Fernanda Holland,76,26holland7530@asfm.mx
7307,Dayana Haas,45,24haas7307@asfm.mx
8807,Aryana Hendricks,76,23hendricks8807@asfm.mx
7395,Akira Waters,23,23waters7395@asfm.mx
7517,Antoine Harvey,66,23harvey7517@asfm.mx
9949,Pierce Benton,61,25benton9949@asfm.mx
8887,Anna Sexton,15,25sexton8887@asfm.mx
6099,Slade Briggs,36,25briggs6099@asfm.mx
8246,Malakai Berger,12,26berger8246@asfm.mx
6535,Brenna Webb,54,23webb6535@asfm.mx
8395,Catherine Wong,57,23wong8395@asfm.mx
7300,Keely Yu,78,26yu7300@asfm.mx
6869,Alena Sandoval,56,25sandoval6869@asfm.mx
9451,Zavier Charles,87,24charles9451@asfm.mx
9295,Nikolas Washington,36,24washington9295@asfm.mx
6946,Mollie Kennedy,73,23kennedy6946@asfm.mx
7280,Marcelo Hines,100,25hines7280@asfm.mx
7759,Case Walls,17,25walls7759@asfm.mx
9331,Skylar Cabrera,91,25cabrera9331@asfm.mx
8314,Keagan Tyler,13,23tyler8314@asfm.mx
8394,Lamont Reynolds,79,25reynolds8394@asfm.mx
6264,Sanai Marquez,18,23marquez6264@asfm.mx
7841,Nataly Hernandez,81,25hernandez7841@asfm.mx
8851,Khalil Park,28,25park8851@asfm.mx
9207,Austin Hardin,66,25hardin9207@asfm.mx
7506,Sophia Blanchard,40,24blanchard7506@asfm.mx
7825,Virginia Swanson,30,23swanson7825@asfm.mx
9994,Olivia Hammond,91,26hammond9994@asfm.mx
8650,Juliet David,54,26david8650@asfm.mx
6503,Deacon Patel,41,26patel6503@asfm.mx
7144,Noelle Burton,10,23burton7144@asfm.mx
8243,Urijah Rowe,66,25rowe8243@asfm.mx
8625,Rohan Mullins,87,24mullins8625@asfm.mx
7259,Quinn Frederick,20,23frederick7259@asfm.mx
9332,Amirah Gillespie,42,24gillespie9332@asfm.mx
6233,Hanna Osborne,74,24osborne6233@asfm.mx
9337,Nikolas Washington,6,24washington9337@asfm.mx
7754,Mckayla Estes,3,26estes7754@asfm.mx
8876,Shamar Mcgee,80,23mcgee8876@asfm.mx
8823,Ayana Parks,90,26parks8823@asfm.mx
6319,Mariah Fitzpatrick,92,24fitzpatrick6319@asfm.mx
7903,Chelsea Bass,96,23bass7903@asfm.mx
6006,Jovanni Bonilla,7,25bonilla6006@asfm.mx
6936,Giana Hahn,81,26hahn6936@asfm.mx
9547,Gerald Stone,99,25stone9547@asfm.mx
8833,Hadassah Gillespie,67,24gillespie8833@asfm.mx
6623,Demarcus Gentry,16,25gentry6623@asfm.mx
6784,Nash Houston,23,25houston6784@asfm.mx
6347,Raiden Webster,32,24webster6347@asfm.mx
9511,Miguel Short,70,25short9511@asfm.mx
8931,Nicolas Murillo,96,25murillo8931@asfm.mx
8710,Isabel Hunt,53,25hunt8710@asfm.mx
7735,Raiden Webster,87,26webster7735@asfm.mx
9437,Kyson Ingram,12,26ingram9437@asfm.mx
9847,Lila Yates,14,23yates9847@asfm.mx
6464,Conrad Kirk,74,24kirk6464@asfm.mx
7891,Tamia Keith,30,26keith7891@asfm.mx
7163,Noel Ward,30,24ward7163@asfm.mx
7862,Noelle Goodman,77,24goodman7862@asfm.mx
8592,Brooklyn Cole,33,24cole8592@asfm.mx
7016,Isabella Duffy,58,25duffy7016@asfm.mx
6226,Reagan Strickland,20,23strickland6226@asfm.mx
8427,Janiyah Moss,55,26moss8427@asfm.mx
7738,Charlie Rios,70,23rios7738@asfm.mx
9442,Jaslene Wu,13,26wu9442@asfm.mx
7824,Griffin Hawkins,95,24hawkins7824@asfm.mx
7338,Koen Alexander,73,23alexander7338@asfm.mx
8802,Monique Abbott,33,26abbott8802@asfm.mx
7159,Timothy Mathis,95,25mathis7159@asfm.mx
7904,Terrance Avery,29,24avery7904@asfm.mx
7096,Austin Townsend,8,23townsend7096@asfm.mx
8407,Allan Chandler,34,26chandler8407@asfm.mx
9260,Audrina Walker,41,23walker9260@asfm.mx
9671,Coleman Mason,64,24mason9671@asfm.mx
7108,Jairo Price,97,23price7108@asfm.mx
6925,Cassie Hensley,10,26hensley6925@asfm.mx
6779,Nola Browning,14,24browning6779@asfm.mx
6979,Anabella Fritz,68,26fritz6979@asfm.mx
6432,Agustin Le,86,23le6432@asfm.mx
8320,Dale Oneill,91,25oneill8320@asfm.mx
7019,Haylie Small,95,24small7019@asfm.mx
8330,Khalil Park,21,23park8330@asfm.mx
9318,Dayton Howe,19,23howe9318@asfm.mx
7880,Tomas Serrano,28,25serrano7880@asfm.mx
8193,Christian Duncan,53,26duncan8193@asfm.mx
7938,Elian Valdez,94,24valdez7938@asfm.mx
6222,Cassius Walls,19,25walls6222@asfm.mx
8744,Audrey Paul,17,24paul8744@asfm.mx
6988,Justice Powers,40,26powers6988@asfm.mx
8328,Marie Sosa,1,23sosa8328@asfm.mx
6627,Cyrus Krause,49,23krause6627@asfm.mx
6674,Alena Sandoval,59,24sandoval6674@asfm.mx
6848,Aditya Joyce,52,25joyce6848@asfm.mx
7195,Miah Mckee,9,23mckee7195@asfm.mx
7346,Fernanda Holland,46,23holland7346@asfm.mx
7988,Jamie Reid,66,26reid7988@asfm.mx
7251,Keagan Tyler,69,26tyler7251@asfm.mx
9708,Nick Meyer,67,25meyer9708@asfm.mx
6511,Janiyah Moss,67,23moss6511@asfm.mx
7970,Clarence Beasley,16,23beasley7970@asfm.mx
8218,Jamari Horne,59,24horne8218@asfm.mx
6744,Malakai Mcgrath,12,25mcgrath6744@asfm.mx
9246,Dwayne Berger,96,25berger9246@asfm.mx
9257,Maurice Ellison,25,26ellison9257@asfm.mx
9467,Darrell Peters,74,23peters9467@asfm.mx
9436,Kayleigh Lowe,14,25lowe9436@asfm.mx
6963,Nola Browning,90,25browning6963@asfm.mx
7847,Mathias Flores,44,26flores7847@asfm.mx
9619,Dale Gate,2,25gate9619@asfm.mx
8832,Zack Huffman,33,25huffman8832@asfm.mx
7679,Elyse Wilcox,66,25wilcox7679@asfm.mx
9592,Cedric Morgan,92,25morgan9592@asfm.mx
6830,Mckenzie Wilkinson,5,24wilkinson6830@asfm.mx
6514,Maggie Nelson,14,25nelson6514@asfm.mx
7564,Dayana Montoya,6,23montoya7564@asfm.mx
9147,Rylan Compton,48,26compton9147@asfm.mx
9541,Kolten Scott,21,23scott9541@asfm.mx
9602,Jessica Robinson,76,26robinson9602@asfm.mx
6894,Alexander Drake,44,23drake6894@asfm.mx
8786,Luke Washington,95,25washington8786@asfm.mx
9979,Anabella Fritz,6,24fritz9979@asfm.mx
7689,Heidi Hines,81,25hines7689@asfm.mx
8177,Nathalie Mcguire,64,24mcguire8177@asfm.mx
9743,Fatima Bridges,41,23bridges9743@asfm.mx
8848,Jarrett Miller,76,23miller8848@asfm.mx
8497,Trey Peck,38,24peck8497@asfm.mx
8028,Eliza Key,45,26key8028@asfm.mx
9520,Kayleigh Dorsey,71,23dorsey9520@asfm.mx
8752,Audrey Paul,11,25paul8752@asfm.mx
6928,Camryn Greene,86,24greene6928@asfm.mx
8160,Mark Tran,19,26tran8160@asfm.mx
6078,Brooklynn Pierce,86,26pierce6078@asfm.mx
6181,Emerson Petersen,81,25petersen6181@asfm.mx
6677,Marely Elliott,90,24elliott6677@asfm.mx
7177,Dawson Charles,27,25charles7177@asfm.mx
8414,Averie Chung,32,25chung8414@asfm.mx
9873,Cassie Meza,4,26meza9873@asfm.mx
7606,Luna Mathews,5,24mathews7606@asfm.mx
7416,Madalynn Bowen,96,24bowen7416@asfm.mx
8242,Jaylah Parks,62,23parks8242@asfm.mx
6358,Clare Decker,86,26decker6358@asfm.mx
6417,Lamont Atkinson,77,26atkinson6417@asfm.mx
6868,Jaida Melton,32,23melton6868@asfm.mx
7111,Allen Castro,36,26castro7111@asfm.mx
9700,Alondra Best,23,24best9700@asfm.mx
6133,Case Walls,39,24walls6133@asfm.mx
6761,Jaylee Gibson,29,24gibson6761@asfm.mx
6591,Salvador Golden,50,23golden6591@asfm.mx
9855,Cameron Wang,26,23wang9855@asfm.mx
7800,Rylie Mahoney,27,24mahoney7800@asfm.mx
6488,Jillian Wang,27,25wang6488@asfm.mx
7519,Grady Stewart,41,24stewart7519@asfm.mx
6876,Carlie Oconnell,18,23oconnell6876@asfm.mx
9005,Sean Murray,71,25murray9005@asfm.mx
6059,Lexi York,0,23york6059@asfm.mx
9463,Braylen Rosario,74,26rosario9463@asfm.mx
9274,Agustin Le,15,26le9274@asfm.mx
9347,Skylar Ryan,71,25ryan9347@asfm.mx
8526,Thomas Hancock,99,26hancock8526@asfm.mx
6622,Deborah Hartman,56,24hartman6622@asfm.mx
7894,Devon Vazquez,23,24vazquez7894@asfm.mx
7060,Mark Tran,40,23tran7060@asfm.mx
8542,Zara Ryan,8,26ryan8542@asfm.mx
8032,Silas Sandoval,34,24sandoval8032@asfm.mx
8322,Jamari Horne,10,25horne8322@asfm.mx
8451,Rory Mathis,1,24mathis8451@asfm.mx
9576,Dahlia Fowler,69,25fowler9576@asfm.mx
7102,Lindsey Hill,0,24hill7102@asfm.mx
8174,Jada Weaver,97,24weaver8174@asfm.mx
9926,Koen Villa,86,25villa9926@asfm.mx
9561,Norah Wagner,14,24wagner9561@asfm.mx
6792,Madalynn Bowen,65,25bowen6792@asfm.mx
8488,Jean Dunn,65,26dunn8488@asfm.mx
9968,Barbara Knox,33,23knox9968@asfm.mx
6776,Makenzie Mccarthy,41,25mccarthy6776@asfm.mx
7577,Miah Mckee,86,24mckee7577@asfm.mx
7877,Alyson Miles,87,26miles7877@asfm.mx
9706,Allan Compton,42,24compton9706@asfm.mx
6595,Justine Watts,99,24watts6595@asfm.mx
6526,Amya Richards,49,25richards6526@asfm.mx
9745,Waylon Riggs,47,26riggs9745@asfm.mx
7311,Emily Figueroa,65,24figueroa7311@asfm.mx
9868,Gina Kelly,70,25kelly9868@asfm.mx
9445,Irvin Barrett,76,25barrett9445@asfm.mx
9155,Brandon Logan,52,23logan9155@asfm.mx
6453,Martin Robertson,78,26robertson6453@asfm.mx
7460,Hope Coffey,11,24coffey7460@asfm.mx
6553,Annabella Boyd,72,24boyd6553@asfm.mx
7045,Lyric Dunlap,50,26dunlap7045@asfm.mx
6204,Santino Ashley,27,24ashley6204@asfm.mx
8521,Brianna Chambers,44,26chambers8521@asfm.mx
6195,Cason Olsen,58,25olsen6195@asfm.mx
9045,Marlee Mccormick,100,24mccormick9045@asfm.mx
8211,Kendall Bass,63,23bass8211@asfm.mx
6904,Grady Pena,22,23pena6904@asfm.mx
6709,Quincy Houston,11,25houston6709@asfm.mx
6349,Kailyn Holden,79,26holden6349@asfm.mx
8806,Jamari Wise,48,24wise8806@asfm.mx
7581,Brooklyn Cole,38,25cole7581@asfm.mx
8292,Nicholas Charles,15,24charles8292@asfm.mx
7871,Ethan Barnes,56,25barnes7871@asfm.mx
8274,Emily Figueroa,48,26figueroa8274@asfm.mx
8163,Eduardo Waller,43,25waller8163@asfm.mx
6370,Chana Vega,80,23vega6370@asfm.mx
9652,Nolan Mcbride,67,26mcbride9652@asfm.mx
6863,Xavier Lopez,90,23lopez6863@asfm.mx
8642,Paris Cooley,70,23cooley8642@asfm.mx
6080,Kennedy Riddle,8,24riddle6080@asfm.mx
9845,Jovanny Welch,86,23welch9845@asfm.mx
6094,Kaliyah Montes,90,25montes6094@asfm.mx
7414,Carlo Medina,49,24medina7414@asfm.mx
9499,Drake Mcintosh,44,26mcintosh9499@asfm.mx
9428,Brodie Cooke,3,26cooke9428@asfm.mx
9877,Aydan Carey,32,25carey9877@asfm.mx
7176,Aryana Hendricks,83,24hendricks7176@asfm.mx
7067,Kadence Padilla,9,25padilla7067@asfm.mx
8553,Marilyn Mccann,66,26mccann8553@asfm.mx
7796,Quincy Houston,32,23houston7796@asfm.mx
9271,Deacon Patel,29,24patel9271@asfm.mx
7372,Leyla Chaney,3,24chaney7372@asfm.mx
8649,German Kemp,76,25kemp8649@asfm.mx
8890,Jasmin Rojas,72,23rojas8890@asfm.mx
8880,Adrian Morgan,37,23morgan8880@asfm.mx
7009,Yazmin Garrison,57,26garrison7009@asfm.mx
7239,Braylon Sherman,51,24sherman7239@asfm.mx
7226,Jaydan Kaufman,4,23kaufman7226@asfm.mx
6494,Charlie Rios,68,26rios6494@asfm.mx
7299,Mark Tran,10,24tran7299@asfm.mx
7302,Violet Hayes,44,24hayes7302@asfm.mx
9418,Genesis Castillo,61,25castillo9418@asfm.mx
6189,Mary Hines,10,24hines6189@asfm.mx
9252,Dylan Gibbs,78,25gibbs9252@asfm.mx
8730,Jenny Murphy,4,25murphy8730@asfm.mx
8272,Rishi Mejia,1,24mejia8272@asfm.mx
6310,Braylon Sherman,74,25sherman6310@asfm.mx
8994,Kenya Gonzales,46,25gonzales8994@asfm.mx
6380,Lara Delacruz,37,23delacruz6380@asfm.mx
9846,Jaiden Duncan,28,23duncan9846@asfm.mx
6308,Dwayne Berger,54,23berger6308@asfm.mx
6391,Mya Reese,94,26reese6391@asfm.mx
8914,Justin Reeves,61,23reeves8914@asfm.mx
8498,Mathias Flores,40,24flores8498@asfm.mx
6952,Kendall Bass,25,23bass6952@asfm.mx
8443,Bruno Molina,9,25molina8443@asfm.mx
9334,Efrain Shelton,89,24shelton9334@asfm.mx
9836,Aylin Chen,17,25chen9836@asfm.mx
8030,Kathryn Arroyo,30,26arroyo8030@asfm.mx
8065,Bo Tanner,68,23tanner8065@asfm.mx
7473,Molly Logan,11,26logan7473@asfm.mx
9042,Rohan Gray,75,26gray9042@asfm.mx
8164,Mike Nolan,100,24nolan8164@asfm.mx
8296,Jaida Eaton,34,23eaton8296@asfm.mx
9406,Kareem Medina,32,23medina9406@asfm.mx
9630,Cole Walters,56,23walters9630@asfm.mx
8416,Lamont Hale,55,23hale8416@asfm.mx
9967,Raphael Hartman,41,26hartman9967@asfm.mx
7549,Terrell Jackson,26,25jackson7549@asfm.mx
6066,Roberto Vazquez,83,26vazquez6066@asfm.mx
9249,Leila Browning,59,24browning9249@asfm.mx
7266,Coleman Mason,12,24mason7266@asfm.mx
6987,Lara Velasquez,100,26velasquez6987@asfm.mx
8341,Jaylen Barr,65,25barr8341@asfm.mx
9601,Jovany Colon,98,26colon9601@asfm.mx
7245,Omar Bell,49,24bell7245@asfm.mx
8969,Cristofer Holder,63,26holder8969@asfm.mx
7736,Hanna Osborne,65,25osborne7736@asfm.mx
8898,Keaton Williams,59,23williams8898@asfm.mx
6816,Bianca Watkins,57,23watkins6816@asfm.mx
6915,Santino Berry,52,24berry6915@asfm.mx
9682,Ari Bennett,97,24bennett9682@asfm.mx
7975,Isabelle Haley,25,23haley7975@asfm.mx
8397,Austin Townsend,49,25townsend8397@asfm.mx
6103,Kira Hodges,98,24hodges6103@asfm.mx
7976,Dangelo Hodges,41,26hodges7976@asfm.mx
6230,Cale Gallegos,47,26gallegos6230@asfm.mx
9328,Alejandra Cardenas,20,25cardenas9328@asfm.mx
8563,Sienna Kennedy,69,25kennedy8563@asfm.mx
9516,Leila Walls,46,25walls9516@asfm.mx
7879,Ireland Wyatt,46,23wyatt7879@asfm.mx
9375,Jalen Powers,92,26powers9375@asfm.mx
7889,Damaris Mcneil,65,25mcneil7889@asfm.mx
7618,Elianna Bonilla,99,25bonilla7618@asfm.mx
9818,Naima Dillon,78,25dillon9818@asfm.mx
9161,Jennifer Boyer,78,24boyer9161@asfm.mx
9574,Cecilia Campbell,54,25campbell9574@asfm.mx
8401,Jennifer Flynn,12,24flynn8401@asfm.mx
9004,Saul Rojas,18,24rojas9004@asfm.mx
8312,Kendall Bass,25,23bass8312@asfm.mx
6335,Damian Cardenas,39,23cardenas6335@asfm.mx
6831,Thomas Hancock,5,25hancock6831@asfm.mx
8635,Norah Wagner,40,26wagner8635@asfm.mx
8572,Bryan Santiago,94,25santiago8572@asfm.mx
6585,Shamar Mcgee,28,26mcgee6585@asfm.mx
9542,Dax Wolf,41,24wolf9542@asfm.mx
9680,Audrey Paul,96,26paul9680@asfm.mx
7622,Dominick Herman,37,25herman7622@asfm.mx
6616,Tamia Keith,38,25keith6616@asfm.mx
6215,Madeline Houston,81,23houston6215@asfm.mx
6602,Tyrone Mckenzie,8,25mckenzie6602@asfm.mx
9405,Cale Gallegos,53,24gallegos9405@asfm.mx
6545,Darrell Peters,98,26peters6545@asfm.mx
7041,Christopher Lam,1,23lam7041@asfm.mx
8480,Rosa Bishop,97,23bishop8480@asfm.mx
6271,Camilla Galvan,72,25galvan6271@asfm.mx
8388,Jamari Wise,4,23wise8388@asfm.mx
7434,Cameron Wang,91,25wang7434@asfm.mx
6975,German Kemp,14,26kemp6975@asfm.mx
6064,Kash Colon,0,26colon6064@asfm.mx
8968,Saniya Donovan,77,23donovan8968@asfm.mx
9587,Semaj Velasquez,58,25velasquez9587@asfm.mx
9138,Eliza Key,84,25key9138@asfm.mx
7588,Bradyn Bailey,55,24bailey7588@asfm.mx
7899,Tate Todd,36,23todd7899@asfm.mx
9059,Tessa Lin,29,24lin9059@asfm.mx
9486,Elian Erickson,81,25erickson9486@asfm.mx
9322,Kassidy Pittman,17,25pittman9322@asfm.mx
7370,Jamiya Fields,61,25fields7370@asfm.mx
7764,Lara Delacruz,44,23delacruz7764@asfm.mx
7978,Owen Crane,98,23crane7978@asfm.mx
9230,Makhi Foster,30,23foster9230@asfm.mx
8409,Chaz Hunt,74,25hunt8409@asfm.mx
9099,Libby Galloway,95,25galloway9099@asfm.mx
7088,Brian Sweeney,74,23sweeney7088@asfm.mx
9768,Aryana Gross,83,24gross9768@asfm.mx
7708,Addyson Krueger,68,26krueger7708@asfm.mx
6977,Genesis Clay,66,23clay6977@asfm.mx
8183,Kamden Zuniga,1,25zuniga8183@asfm.mx
7154,Kennedy Riddle,27,26riddle7154@asfm.mx
7332,Aryanna Mcgrath,20,23mcgrath7332@asfm.mx
7467,Allan Compton,16,24compton7467@asfm.mx
7048,Cullen Brooks,65,23brooks7048@asfm.mx
9558,Dayana Montoya,58,26montoya9558@asfm.mx
7169,Alyson Miles,11,23miles7169@asfm.mx
6800,Octavio Stokes,1,24stokes6800@asfm.mx
7869,Tori Combs,62,23combs7869@asfm.mx
9685,Norah Ware,70,23ware9685@asfm.mx
8541,Rylee Orr,12,26orr8541@asfm.mx
7456,Clarence Beasley,45,26beasley7456@asfm.mx
9900,Hugh Heath,82,23heath9900@asfm.mx
6914,Dylan Gibbs,90,23gibbs6914@asfm.mx
9810,Mauricio Lindsey,58,24lindsey9810@asfm.mx
7859,Maxwell Novak,69,25novak7859@asfm.mx
9624,Diego Rasmussen,21,25rasmussen9624@asfm.mx
7994,Nataly Hernandez,14,26hernandez7994@asfm.mx
8387,Chaya Small,1,26small8387@asfm.mx
6110,Bella Ellis,96,25ellis6110@asfm.mx
8576,Justice Powers,58,26powers8576@asfm.mx
6815,Ari Bennett,38,24bennett6815@asfm.mx
6049,Brooklyn Cole,67,23cole6049@asfm.mx
9225,Hezekiah Carter,51,25carter9225@asfm.mx
6909,Natalee Rojas,48,23rojas6909@asfm.mx
8716,Akira Waters,72,26waters8716@asfm.mx
9898,Cristofer Sutton,78,24sutton9898@asfm.mx
9483,Kolby Morrison,66,26morrison9483@asfm.mx
6606,Jacey Cisneros,49,26cisneros6606@asfm.mx
7156,Haven Baldwin,54,24baldwin7156@asfm.mx
9699,Owen Bird,90,26bird9699@asfm.mx
6966,Camille Walton,85,23walton6966@asfm.mx
8396,Jordyn Blackburn,56,23blackburn8396@asfm.mx
8175,Owen Crane,17,25crane8175@asfm.mx
6405,Jorge Stein,30,23stein6405@asfm.mx
9703,Lukas James,18,25james9703@asfm.mx
9122,Lily Abbott,36,24abbott9122@asfm.mx
8176,Chelsea Klein,44,26klein8176@asfm.mx
8538,Alexander Zimmerman,40,26zimmerman8538@asfm.mx
6959,Silas Sandoval,54,25sandoval6959@asfm.mx
6557,Tyrell Horne,25,26horne6557@asfm.mx
8424,Sara Bates,70,24bates8424@asfm.mx
8040,Tomas Serrano,21,23serrano8040@asfm.mx
6510,Livia Underwood,48,23underwood6510@asfm.mx
6352,Camille Walton,5,26walton6352@asfm.mx
7864,Salvador Golden,60,26golden7864@asfm.mx
6487,Paris Cooley,40,26cooley6487@asfm.mx
6888,Makenna Byrd,75,25byrd6888@asfm.mx
9401,Carla Waller,4,26waller9401@asfm.mx
9567,Erica Roberts,19,24roberts9567@asfm.mx
8266,Valeria Rosario,27,23rosario8266@asfm.mx
7669,Griffin Hawkins,14,25hawkins7669@asfm.mx
7620,Valeria Rosario,66,25rosario7620@asfm.mx
9461,Anya Gilmore,5,25gilmore9461@asfm.mx
8179,Isaac Guerrero,51,23guerrero8179@asfm.mx
9941,Virginia Swanson,5,26swanson9941@asfm.mx
9183,Kayleigh Dorsey,22,23dorsey9183@asfm.mx
9719,Zoe Wise,50,26wise9719@asfm.mx
8197,Brittany Durham,10,26durham8197@asfm.mx
8630,Aubree Manning,55,23manning8630@asfm.mx
7867,Jaiden Duncan,52,26duncan7867@asfm.mx
8167,Rocco Daniels,62,25daniels8167@asfm.mx
9999,Zachariah Baird,73,24baird9999@asfm.mx
8620,Milton Keith,45,26keith8620@asfm.mx
7657,Jennifer Flynn,1,24flynn7657@asfm.mx
9097,Byron Diaz,45,24diaz9097@asfm.mx
9178,Dangelo Hodges,16,26hodges9178@asfm.mx
9635,Raquel Walter,17,26walter9635@asfm.mx
8461,Luna Mathews,52,26mathews8461@asfm.mx
8574,Reece Rivera,92,24rivera8574@asfm.mx
8901,Zack Terrell,100,25terrell8901@asfm.mx
8580,Jamie Reid,67,24reid8580@asfm.mx
8155,Mollie Kennedy,67,24kennedy8155@asfm.mx
8342,Marvin Gay,17,23gay8342@asfm.mx
9093,Carlo Cain,22,25cain9093@asfm.mx
6240,Amya Key,1,23key6240@asfm.mx
9742,Elianna Bonilla,59,23bonilla9742@asfm.mx
7312,Gemma Roberts,71,25roberts7312@asfm.mx
9633,Howard Cameron,64,24cameron9633@asfm.mx
6609,Semaj Velasquez,12,26velasquez6609@asfm.mx
8017,Briley Pineda,81,25pineda8017@asfm.mx
7066,Finnegan Raymond,18,26raymond7066@asfm.mx
8277,Raquel Walter,100,26walter8277@asfm.mx
6541,Mekhi Edwards,10,25edwards6541@asfm.mx
6539,Johanna Charles,69,24charles6539@asfm.mx
9092,Isaac Hampton,40,24hampton9092@asfm.mx
6157,Aryana Gross,15,24gross6157@asfm.mx
9611,Julius Hendrix,42,23hendrix9611@asfm.mx
8934,James Patel,2,26patel8934@asfm.mx
9937,Carmelo Ho,8,26ho9937@asfm.mx
9251,Leila Walls,31,25walls9251@asfm.mx
6246,Norah Ware,72,25ware6246@asfm.mx
9835,Reagan Gray,68,24gray9835@asfm.mx
6388,Brendan Salas,27,24salas6388@asfm.mx
8062,Raphael Hartman,73,26hartman8062@asfm.mx
9286,Maximus Pratt,19,24pratt9286@asfm.mx
8216,Nyasia Young,12,25young8216@asfm.mx
8622,Warren Humphrey,53,24humphrey8622@asfm.mx
8932,Keely Blackburn,21,24blackburn8932@asfm.mx
6559,Giana Hahn,14,26hahn6559@asfm.mx
9195,Karter Buck,49,25buck9195@asfm.mx
7741,Quincy Houston,77,23houston7741@asfm.mx
8153,Quentin Solomon,32,23solomon8153@asfm.mx
6282,Hailee Andersen,50,23andersen6282@asfm.mx
7058,Matthew Parsons,90,23parsons7058@asfm.mx
9193,Jennifer Flynn,58,26flynn9193@asfm.mx
7589,Giovanna Vega,99,26vega7589@asfm.mx
6844,Jon Bray,73,25bray6844@asfm.mx
8074,Hope Coffey,10,24coffey8074@asfm.mx
7292,Ashton Cherry,100,26cherry7292@asfm.mx
7483,Mina Briggs,48,25briggs7483@asfm.mx
9974,Marley Fuentes,57,25fuentes9974@asfm.mx
9545,Essence Brennan,14,24brennan9545@asfm.mx
9006,Carly Shepherd,29,26shepherd9006@asfm.mx
7298,Trevor Dixon,27,26dixon7298@asfm.mx
9610,Daphne Archer,15,24archer9610@asfm.mx
6404,Darwin Dickerson,60,26dickerson6404@asfm.mx
9882,Gina Kelly,100,24kelly9882@asfm.mx
9434,Mauricio Lindsey,93,26lindsey9434@asfm.mx
6820,Quincy Houston,75,23houston6820@asfm.mx
6536,Dominick Herman,41,23herman6536@asfm.mx
7356,Sammy Owens,21,26owens7356@asfm.mx
8317,Cristofer Holder,52,24holder8317@asfm.mx
9816,Alivia Lara,36,25lara9816@asfm.mx
6351,Sullivan Hobbs,46,24hobbs6351@asfm.mx
7268,Terrell Jackson,96,25jackson7268@asfm.mx
8892,Finnegan Raymond,51,26raymond8892@asfm.mx
7436,Nathaly Cook,13,24cook7436@asfm.mx
9424,Fernanda Holland,50,26holland9424@asfm.mx
7062,Alia Molina,36,26molina7062@asfm.mx
8145,Dillan Fitzgerald,11,23fitzgerald8145@asfm.mx
8305,Jaiden Duncan,78,24duncan8305@asfm.mx
6083,Mia Hampton,9,23hampton6083@asfm.mx
6387,Madyson Kennedy,86,23kennedy6387@asfm.mx
7157,Hallie Lucas,69,26lucas7157@asfm.mx
9420,Emerson Petersen,71,23petersen9420@asfm.mx
7892,Zoey Arroyo,43,23arroyo7892@asfm.mx
8651,Warren Richards,57,25richards8651@asfm.mx
7587,Jaslene Decker,6,25decker7587@asfm.mx
8639,Shelby Gentry,73,23gentry8639@asfm.mx
6650,Yasmin Douglas,62,24douglas6650@asfm.mx
8912,Korbin Mosley,43,26mosley8912@asfm.mx
8122,Dale Gate,98,26gate8122@asfm.mx
6200,Macy Carlson,36,24carlson6200@asfm.mx
7837,Jaidyn Faulkner,27,25faulkner7837@asfm.mx
6237,Isai Briggs,80,24briggs6237@asfm.mx
7809,Urijah Rowe,34,25rowe7809@asfm.mx
7694,Byron Diaz,54,23diaz7694@asfm.mx
7748,Junior Brandt,2,25brandt7748@asfm.mx
6212,Alejandra Cardenas,94,23cardenas6212@asfm.mx
6090,Violet Olson,93,25olson6090@asfm.mx
9096,Dylan Camacho,45,24camacho9096@asfm.mx
9492,Zavier Charles,87,24charles9492@asfm.mx
9910,Diamond Casey,46,26casey9910@asfm.mx
6543,Faith Conley,44,25conley6543@asfm.mx
9654,Averie Garrett,11,26garrett9654@asfm.mx
8294,Maya Orozco,76,26orozco8294@asfm.mx
8996,Mareli Lowery,24,26lowery8996@asfm.mx
6964,Yaretzi Tate,7,25tate6964@asfm.mx
6789,Gemma Roberts,38,24roberts6789@asfm.mx
7511,Cyrus Lara,33,24lara7511@asfm.mx
9702,Lyric Macias,53,23macias9702@asfm.mx
7097,Kennedy Riddle,43,23riddle7097@asfm.mx
6182,London Mason,34,24mason6182@asfm.mx
9896,Quincy Houston,55,23houston9896@asfm.mx
8478,Kathryn Arroyo,56,23arroyo8478@asfm.mx
6787,Lennon Sellers,73,23sellers6787@asfm.mx
6692,Yaritza Pittman,18,23pittman6692@asfm.mx
8598,Noel Jordan,5,25jordan8598@asfm.mx
7901,Jett Parrish,60,25parrish7901@asfm.mx
7185,Arturo Waters,40,25waters7185@asfm.mx
8941,Amirah Gillespie,5,25gillespie8941@asfm.mx
7410,Charity Choi,48,26choi7410@asfm.mx
8768,Reese Best,84,23best8768@asfm.mx
7775,Izaiah Dickson,64,24dickson7775@asfm.mx
6273,Anya Gilmore,20,26gilmore6273@asfm.mx
7528,Keely Yu,13,24yu7528@asfm.mx
7081,Magdalena Adkins,18,23adkins7081@asfm.mx
8606,Brooks Chang,75,24chang8606@asfm.mx
9677,Dominique Keller,77,23keller9677@asfm.mx
9761,Brooke Leonard,69,24leonard9761@asfm.mx
6716,Zachariah Baird,18,25baird6716@asfm.mx
9014,Britney Armstrong,32,24armstrong9014@asfm.mx
6323,Cedric Lang,82,25lang6323@asfm.mx
8645,Cameron Garner,22,23garner8645@asfm.mx
6091,Alfred Kennedy,79,23kennedy6091@asfm.mx
7665,Kennedy Riddle,0,23riddle7665@asfm.mx
8169,Isabelle Haley,83,25haley8169@asfm.mx
9673,Darien Roberson,87,25roberson9673@asfm.mx
7490,Lennon Sellers,88,24sellers7490@asfm.mx
8810,Zackary Foster,7,23foster8810@asfm.mx
7409,Griffin Hawkins,83,23hawkins7409@asfm.mx
7271,Jennifer Flynn,61,24flynn7271@asfm.mx
6838,Marcelo Hines,71,24hines6838@asfm.mx
8868,Guadalupe Valdez,21,23valdez8868@asfm.mx
9326,Jakob Byrd,34,24byrd9326@asfm.mx
7023,Cameron Garner,83,24garner7023@asfm.mx
8239,Mckayla Schroeder,53,24schroeder8239@asfm.mx
6528,Ryan Lawrence,93,25lawrence6528@asfm.mx
9150,Ulises Michael,46,25michael9150@asfm.mx
6134,Maya Orozco,3,24orozco6134@asfm.mx
9408,Salvador Mcdaniel,30,23mcdaniel9408@asfm.mx
9591,Madeline Houston,54,24houston9591@asfm.mx
8237,Gia Wiley,92,25wiley8237@asfm.mx
9554,Lillian Richard,51,24richard9554@asfm.mx
7504,Cindy Thompson,19,24thompson7504@asfm.mx
8484,Grace Nichols,32,26nichols8484@asfm.mx
8904,Santino Berry,40,25berry8904@asfm.mx
9709,Saul Rojas,78,25rojas9709@asfm.mx
7509,Brian Sweeney,12,25sweeney7509@asfm.mx
7926,Marianna Buck,94,23buck7926@asfm.mx
8481,Dayana Haas,42,23haas8481@asfm.mx
6780,Rohan Mullins,78,26mullins6780@asfm.mx
9110,Trenton Calhoun,59,23calhoun9110@asfm.mx
9711,Braiden Mccall,28,26mccall9711@asfm.mx
9224,Kendal Trevino,10,23trevino9224@asfm.mx
8680,Sarahi Mullins,40,26mullins8680@asfm.mx
7309,Jordin Potts,64,25potts7309@asfm.mx
9981,Violet Olson,22,23olson9981@asfm.mx
7050,Zackery Brewer,18,23brewer7050@asfm.mx
9430,Laney Acevedo,89,24acevedo9430@asfm.mx
7943,Ronnie Clarke,8,26clarke7943@asfm.mx
8532,Gemma Roberts,11,24roberts8532@asfm.mx
8778,Denise Powers,30,24powers8778@asfm.mx
9290,Gary Montoya,26,25montoya9290@asfm.mx
8036,Lia Oconnell,6,24oconnell8036@asfm.mx
6027,Sloane Keith,5,25keith6027@asfm.mx
7609,Kaitlin Mccarty,57,23mccarty7609@asfm.mx
8935,Payten Kane,87,25kane8935@asfm.mx
6030,Marely Cook,99,23cook6030@asfm.mx
6159,Braiden Campos,60,26campos6159@asfm.mx
8910,Yahir Acosta,56,25acosta8910@asfm.mx
9179,Lily Abbott,35,25abbott9179@asfm.mx
6938,Hanna Alvarado,70,23alvarado6938@asfm.mx
7591,Graham Cherry,36,23cherry7591@asfm.mx
8733,Zoie Melendez,24,26melendez8733@asfm.mx
8857,Jaydan Kaufman,41,23kaufman8857@asfm.mx
8586,Kayleigh Lowe,91,25lowe8586@asfm.mx
8734,Brooklynn Pierce,44,23pierce8734@asfm.mx
8207,Luke Mendez,92,23mendez8207@asfm.mx
8657,Hadley Byrd,98,25byrd8657@asfm.mx
7341,Lara Delacruz,60,24delacruz7341@asfm.mx
9589,Jacob Beard,9,23beard9589@asfm.mx
8774,Daphne Archer,23,23archer8774@asfm.mx
7024,Jovanni Bonilla,85,25bonilla7024@asfm.mx
6877,Terrance Avery,77,25avery6877@asfm.mx
8241,Kade Riddle,77,24riddle8241@asfm.mx
7626,Dayana Haas,72,26haas7626@asfm.mx
9825,Harley Fischer,92,23fischer9825@asfm.mx
9001,Kayleigh Lowe,33,24lowe9001@asfm.mx
8245,Mark Tran,91,26tran8245@asfm.mx
7902,Mylee Gentry,100,25gentry7902@asfm.mx
7115,Amelie Andrade,90,26andrade7115@asfm.mx
8123,Leonidas Lyons,48,23lyons8123@asfm.mx
7020,Byron Diaz,17,23diaz7020@asfm.mx
8439,Sullivan Hobbs,14,23hobbs8439@asfm.mx
9820,Frida Colon,10,23colon9820@asfm.mx
7713,Gina Kelly,31,24kelly7713@asfm.mx
9747,Christine Herman,11,23herman9747@asfm.mx
7054,Isaac Guerrero,97,24guerrero7054@asfm.mx
8740,Alonso Yoder,77,23yoder8740@asfm.mx
8455,Cornelius Willis,54,23willis8455@asfm.mx
6962,Nataly Hernandez,53,25hernandez6962@asfm.mx
8759,Alvin Gregory,93,24gregory8759@asfm.mx
8741,Hugh Glenn,78,23glenn8741@asfm.mx
8141,Aedan Brewer,39,26brewer8141@asfm.mx
6896,Demarcus Gentry,97,26gentry6896@asfm.mx
7696,Dominic Fox,56,26fox7696@asfm.mx
7702,Essence Christian,13,24christian7702@asfm.mx
8452,Heidy Clarke,100,23clarke8452@asfm.mx
8627,Ellen Huff,33,26huff8627@asfm.mx
6599,Deacon Patel,16,25patel6599@asfm.mx
9527,Rylie Mahoney,55,24mahoney9527@asfm.mx
9930,Alivia Lara,53,24lara9930@asfm.mx
7174,Eddie Mendoza,74,24mendoza7174@asfm.mx
7876,Troy Ruiz,17,26ruiz7876@asfm.mx
7959,Kamryn Salazar,34,25salazar7959@asfm.mx
6715,Fletcher Arroyo,67,23arroyo6715@asfm.mx
7605,Miah Mckee,50,26mckee7605@asfm.mx
8223,Dominique Keller,21,25keller8223@asfm.mx
6598,Mia Hampton,90,23hampton6598@asfm.mx
7836,Norah Wagner,18,25wagner7836@asfm.mx
9621,Madyson Kennedy,8,26kennedy9621@asfm.mx
9723,Octavio Stokes,96,26stokes9723@asfm.mx
6304,Chasity Porter,6,23porter6304@asfm.mx
7046,Leonidas Lyons,86,25lyons7046@asfm.mx
7947,Derick Lin,27,24lin7947@asfm.mx
7500,Jenny Murphy,6,23murphy7500@asfm.mx
6121,Alivia Lara,83,24lara6121@asfm.mx
9639,Gordon Chapman,85,24chapman9639@asfm.mx
7681,Titus Mayer,47,23mayer7681@asfm.mx
6228,Dylan Gibbs,4,26gibbs6228@asfm.mx
6734,Terrell Ayers,55,23ayers6734@asfm.mx
7693,Skyler Mcguire,51,26mcguire7693@asfm.mx
9951,Renee Dougherty,73,26dougherty9951@asfm.mx
6655,Malakai Berger,3,23berger6655@asfm.mx
6062,Tommy Caldwell,45,23caldwell6062@asfm.mx
9669,Stella Contreras,29,25contreras9669@asfm.mx
6810,Averie Garrett,12,23garrett6810@asfm.mx
8403,Lamont Atkinson,4,26atkinson8403@asfm.mx
7655,Nicholas Charles,6,25charles7655@asfm.mx
6411,Franklin Cooper,36,24cooper6411@asfm.mx
8761,Aryanna Mcgrath,73,24mcgrath8761@asfm.mx
7597,Aarav Wong,58,26wong7597@asfm.mx
6670,Charity Choi,60,25choi6670@asfm.mx
6328,Roberto Vazquez,73,25vazquez6328@asfm.mx
8288,Allan Compton,13,25compton8288@asfm.mx
6247,Ansley Sutton,85,26sutton6247@asfm.mx
6926,Lucy Shah,34,24shah6926@asfm.mx
8822,Kaydence Burns,37,24burns8822@asfm.mx
8927,Laylah Whitney,82,24whitney8927@asfm.mx
9748,Yadira Harrell,2,24harrell9748@asfm.mx
7607,Carla Waller,55,25waller7607@asfm.mx
9924,Catalina Montoya,35,26montoya9924@asfm.mx
6720,Hanna Osborne,25,26osborne6720@asfm.mx
8291,Violet Carlson,31,23carlson8291@asfm.mx
7014,Alondra Best,87,25best7014@asfm.mx
6949,Reagan Gray,34,23gray6949@asfm.mx
8372,Wendy Hernandez,93,26hernandez8372@asfm.mx
6705,Hanna Huynh,94,26huynh6705@asfm.mx
6680,Jaxon Cervantes,45,24cervantes6680@asfm.mx
9788,Amelie Andrade,44,26andrade9788@asfm.mx
7194,Maurice Ellison,15,23ellison7194@asfm.mx
6589,Ariella Gilmore,66,25gilmore6589@asfm.mx
9534,Virginia Moyer,84,24moyer9534@asfm.mx
8022,Mia Brock,23,25brock8022@asfm.mx
7105,Martin Robertson,76,24robertson7105@asfm.mx
7225,Ansley Sutton,13,24sutton7225@asfm.mx
7030,Branden Arnold,35,26arnold7030@asfm.mx
8217,Elisha Massey,60,24massey8217@asfm.mx
6814,Natalee Rojas,7,23rojas6814@asfm.mx
9219,Brandon Logan,60,24logan9219@asfm.mx
7920,Leanna Mueller,48,24mueller7920@asfm.mx
7715,Zack Huffman,30,24huffman7715@asfm.mx
8210,Nataly Hernandez,35,24hernandez8210@asfm.mx
8795,Mark Tran,73,26tran8795@asfm.mx
8256,Dahlia Fowler,15,25fowler8256@asfm.mx
7036,Austin Townsend,81,25townsend7036@asfm.mx
9666,Dwayne Berger,17,23berger9666@asfm.mx
8830,Joy Owens,19,26owens8830@asfm.mx
9664,Miguel Potts,15,24potts9664@asfm.mx
6956,Aubree Melton,31,25melton6956@asfm.mx
7729,Kiana Nielsen,80,25nielsen7729@asfm.mx
8329,Cyrus Krause,82,23krause8329@asfm.mx
8373,Kaitlin Mccarty,13,23mccarty8373@asfm.mx
7252,Abigayle Benjamin,33,23benjamin7252@asfm.mx
9373,Cullen Dorsey,71,23dorsey9373@asfm.mx
9781,Yadira Harrell,9,26harrell9781@asfm.mx
7806,Conrad Kirk,96,26kirk7806@asfm.mx
7550,Naima Dillon,11,26dillon7550@asfm.mx
9469,Isaac Guerrero,50,24guerrero9469@asfm.mx
6738,Zack Barr,43,23barr6738@asfm.mx
7722,Adalynn Owen,56,23owen7722@asfm.mx
6362,Carlo Cain,60,26cain6362@asfm.mx
6664,Octavio Stokes,55,25stokes6664@asfm.mx
8783,Ireland Wyatt,78,23wyatt8783@asfm.mx
8683,Ramiro Webb,67,25webb8683@asfm.mx
8309,Giovanna Vega,24,24vega8309@asfm.mx
9578,Karter Buck,45,23buck9578@asfm.mx
9173,Shiloh Wiggins,46,25wiggins9173@asfm.mx
8604,Janessa Donaldson,46,23donaldson8604@asfm.mx
9741,Matthias Bennett,30,23bennett9741@asfm.mx
8082,Declan Horton,46,25horton8082@asfm.mx
9779,Alicia Hayes,90,24hayes9779@asfm.mx
6223,Libby Galloway,25,24galloway6223@asfm.mx
6348,Brynn Galloway,88,23galloway6348@asfm.mx
7720,Rachael Irwin,70,25irwin7720@asfm.mx
6659,Nathalie Mcguire,43,24mcguire6659@asfm.mx
8472,Zavier Bautista,25,26bautista8472@asfm.mx
8658,Sara Bates,33,26bates8658@asfm.mx
6153,Chaz Hunt,78,25hunt6153@asfm.mx
6048,Kayden Hammond,55,26hammond6048@asfm.mx
8093,Zack Terrell,25,26terrell8093@asfm.mx
9194,Talan Spence,35,25spence9194@asfm.mx
9752,Giovanna Mcintyre,35,23mcintyre9752@asfm.mx
9025,Carsen Stevens,89,26stevens9025@asfm.mx
7673,Keaton Williams,47,26williams7673@asfm.mx
7746,Keely Blackburn,50,23blackburn7746@asfm.mx
8016,Harper Moore,15,24moore8016@asfm.mx
8517,Joel Nunez,53,23nunez8517@asfm.mx
6125,Emerson Petersen,100,25petersen6125@asfm.mx
8313,Mireya Adkins,5,23adkins8313@asfm.mx
6574,Raul Knapp,57,25knapp6574@asfm.mx
8595,Kayden Hammond,35,23hammond8595@asfm.mx
6788,Barbara Knox,6,26knox6788@asfm.mx
7967,Cyrus Lara,15,26lara7967@asfm.mx
7778,Quinn Deleon,75,24deleon7778@asfm.mx
9389,Chelsea Bass,2,24bass9389@asfm.mx
7182,Leandro Beck,56,26beck7182@asfm.mx
9707,Mauricio Lindsey,4,26lindsey9707@asfm.mx
9973,Reese Best,85,24best9973@asfm.mx
8220,Miranda Simpson,43,26simpson8220@asfm.mx
7815,Damian Cardenas,26,26cardenas7815@asfm.mx
9922,Drake Mcintosh,25,23mcintosh9922@asfm.mx
7028,Jakobe Dickerson,17,23dickerson7028@asfm.mx
7269,Aarav Wong,70,26wong7269@asfm.mx
9146,Jimmy Neal,73,24neal9146@asfm.mx
9167,Giovanni Cooke,3,26cooke9167@asfm.mx
8979,Danielle Garrett,50,23garrett8979@asfm.mx
7349,Jaden Davidson,64,24davidson7349@asfm.mx
7807,Mauricio Lindsey,100,23lindsey7807@asfm.mx
7808,Virginia Moyer,10,23moyer7808@asfm.mx
6327,Luke Washington,10,24washington6327@asfm.mx
6554,Kyson Ingram,75,25ingram6554@asfm.mx
6389,Chana Vega,24,23vega6389@asfm.mx
6756,Chaya Small,0,23small6756@asfm.mx
7443,Eduardo Hood,55,23hood7443@asfm.mx
8808,Charity Choi,20,23choi8808@asfm.mx
9557,Kaylah Guzman,93,26guzman9557@asfm.mx
8561,Dawson Charles,24,24charles8561@asfm.mx
9489,Kelvin Newman,61,25newman9489@asfm.mx
7017,Elijah Warner,69,26warner7017@asfm.mx
8972,Morgan Johns,4,26johns8972@asfm.mx
8798,Felipe Blake,17,25blake8798@asfm.mx
8105,Camryn Foster,4,24foster8105@asfm.mx
8355,Silas Mcdaniel,53,25mcdaniel8355@asfm.mx
7015,Carsen Stevens,60,26stevens7015@asfm.mx
6765,Lola Horton,11,23horton6765@asfm.mx
8289,Eddie Mendoza,16,23mendoza8289@asfm.mx
8923,Annabella Gallagher,13,26gallagher8923@asfm.mx
8154,Damian Cardenas,88,23cardenas8154@asfm.mx
9963,Coleman Mason,2,24mason9963@asfm.mx
9410,Arthur Valenzuela,10,26valenzuela9410@asfm.mx
8412,Marcelo Hines,44,26hines8412@asfm.mx
6663,Urijah Willis,38,23willis6663@asfm.mx
7510,Jose Burch,29,23burch7510@asfm.mx
8976,Rosa Underwood,17,24underwood8976@asfm.mx
8495,Roberto Vazquez,89,25vazquez8495@asfm.mx
9363,Hope Reyes,70,24reyes9363@asfm.mx
8106,Nataly Munoz,31,25munoz8106@asfm.mx
7440,Morgan Johns,19,25johns7440@asfm.mx
9650,Deja Foster,91,23foster9650@asfm.mx
9345,Ava Hinton,67,26hinton9345@asfm.mx
9153,Noel Stein,54,25stein9153@asfm.mx
8261,Branson Weber,31,23weber8261@asfm.mx
9082,Noel Stein,54,24stein9082@asfm.mx
8027,Gordon Chapman,59,26chapman8027@asfm.mx
7201,Lara Delacruz,13,24delacruz7201@asfm.mx
6502,Conrad Kirk,74,25kirk6502@asfm.mx
8515,Precious Guzman,39,25guzman8515@asfm.mx
7518,Kiana Nielsen,95,25nielsen7518@asfm.mx
7672,Osvaldo Bradshaw,85,25bradshaw7672@asfm.mx
8166,Reece Rivera,25,26rivera8166@asfm.mx
6640,Jude Freeman,60,24freeman6640@asfm.mx
8457,Brooklynn Pierce,90,25pierce8457@asfm.mx
7004,Maximus Pratt,30,24pratt7004@asfm.mx
9422,Noel Jordan,15,26jordan9422@asfm.mx
6227,Summer Dixon,72,24dixon6227@asfm.mx
6873,Kyan Humphrey,12,25humphrey6873@asfm.mx
9701,Kymani Braun,45,24braun9701@asfm.mx
9817,Bianca Whitehead,96,23whitehead9817@asfm.mx
6386,Faith Conley,21,26conley6386@asfm.mx
8825,Catalina Montoya,32,23montoya8825@asfm.mx
9821,Yahir Acosta,66,25acosta9821@asfm.mx
7082,Jenna Schaefer,53,25schaefer7082@asfm.mx
6754,Eddie Mendoza,93,25mendoza6754@asfm.mx
9476,Harper Woodard,7,24woodard9476@asfm.mx
8060,Jennifer Boyer,79,25boyer8060@asfm.mx
6004,Nicolas Murillo,2,23murillo6004@asfm.mx
9929,Gordon Chapman,47,23chapman9929@asfm.mx
7002,Jamie Reid,58,26reid7002@asfm.mx
9760,Norah Wagner,77,24wagner9760@asfm.mx
9794,Ramiro Osborn,53,26osborn9794@asfm.mx
9158,Ahmad Larsen,57,24larsen9158@asfm.mx
8762,Mina Alexander,53,24alexander8762@asfm.mx
6425,Jada Weaver,73,23weaver6425@asfm.mx
7541,Irvin Barrett,26,24barrett7541@asfm.mx
7348,Bo Weiss,82,23weiss7348@asfm.mx
7469,Cheyanne Larsen,81,24larsen7469@asfm.mx
8609,Korbin Mosley,75,25mosley8609@asfm.mx
9636,Aaliyah Mendez,21,26mendez9636@asfm.mx
6260,Rylan Compton,53,24compton6260@asfm.mx
9507,Marcel Craig,6,23craig9507@asfm.mx
9024,Christine Herman,66,23herman9024@asfm.mx
7503,Essence Christian,84,23christian7503@asfm.mx
6263,Jaiden Olson,79,24olson6263@asfm.mx
6261,Jordin Potts,64,24potts6261@asfm.mx
7791,Annabella Boyd,52,25boyd7791@asfm.mx
6244,Adrienne Haas,42,23haas6244@asfm.mx
8646,Keyla Walsh,91,23walsh8646@asfm.mx
9098,Caroline Cordova,11,26cordova9098@asfm.mx
7323,Alivia Ballard,78,23ballard7323@asfm.mx
9895,Sanai Marquez,56,24marquez9895@asfm.mx
9497,Terrell Ayers,41,26ayers9497@asfm.mx
6353,Xander Vance,41,25vance6353@asfm.mx
7166,Shirley Golden,82,25golden7166@asfm.mx
9776,Warren Richards,33,26richards9776@asfm.mx
8613,Jamiya Fields,47,23fields8613@asfm.mx
6120,Emilia Palmer,55,26palmer6120@asfm.mx
7916,Ryan Lawrence,36,23lawrence7916@asfm.mx
9862,Ricky Solis,13,26solis9862@asfm.mx
9841,Kathryn Arroyo,100,24arroyo9841@asfm.mx
8058,Karter Buck,60,26buck8058@asfm.mx
6791,Valeria Rosario,55,25rosario6791@asfm.mx
6378,Howard Cameron,71,23cameron6378@asfm.mx
9371,Luna Mathews,17,23mathews9371@asfm.mx
6527,Alondra Best,51,25best6527@asfm.mx
9546,Ricky Reynolds,38,25reynolds9546@asfm.mx
6363,Omar Bell,65,23bell6363@asfm.mx
9317,Troy Ruiz,49,23ruiz9317@asfm.mx
7029,Noelle Goodman,52,26goodman7029@asfm.mx
8013,Jordin Potts,41,24potts8013@asfm.mx
9786,Pedro Ramsey,78,25ramsey9786@asfm.mx
9945,Cecilia Campbell,46,23campbell9945@asfm.mx
8252,Brooke Leonard,97,25leonard8252@asfm.mx
9997,Mckayla Estes,40,25estes9997@asfm.mx
6186,Rishi Mejia,19,26mejia6186@asfm.mx
9341,Agustin Le,33,24le9341@asfm.mx
6068,Hugh Heath,6,25heath6068@asfm.mx
9152,Gerald Stone,39,25stone9152@asfm.mx
6131,Rohan Gray,78,25gray6131@asfm.mx
7391,Shaun Becker,69,26becker7391@asfm.mx
8045,Rachael Irwin,80,25irwin8045@asfm.mx
9797,Mathias Hess,54,26hess9797@asfm.mx
8116,Shaylee Rivas,54,23rivas8116@asfm.mx
7545,Iris Hanna,52,26hanna7545@asfm.mx
8477,Ireland Andrade,91,25andrade8477@asfm.mx
7821,Denise Powers,21,23powers7821@asfm.mx
6647,Greta Morton,71,26morton6647@asfm.mx
9040,Matthew Parsons,24,26parsons9040@asfm.mx
9843,Lizbeth Wilcox,66,24wilcox9843@asfm.mx
6053,Salvador Golden,32,24golden6053@asfm.mx
9301,Yaretzi Tate,54,26tate9301@asfm.mx
8917,Kamden Zuniga,91,23zuniga8917@asfm.mx
7743,Lila Yates,98,24yates7743@asfm.mx
9063,Jaylynn Stevenson,49,24stevenson9063@asfm.mx
7849,Leonidas Lyons,21,26lyons7849@asfm.mx
9323,Madyson Kennedy,16,25kennedy9323@asfm.mx
9285,Shamar Mcgee,9,26mcgee9285@asfm.mx
9958,Rachael Irwin,32,25irwin9958@asfm.mx
7561,Amelie Patton,61,25patton7561@asfm.mx
6040,Bella Ellis,51,23ellis6040@asfm.mx
7714,Kaitlin Mccarty,33,23mccarty7714@asfm.mx
6041,Zoe Wise,43,24wise6041@asfm.mx
6229,Esteban White,75,26white6229@asfm.mx
6023,Jaden Davidson,54,26davidson6023@asfm.mx
8926,Madelynn Humphrey,74,24humphrey8926@asfm.mx
9715,Christina Cherry,99,24cherry9715@asfm.mx
9409,Carlo Medina,8,24medina9409@asfm.mx
8785,Renee Dougherty,20,24dougherty8785@asfm.mx
9954,Juliet David,74,25david9954@asfm.mx
6918,Paris Odonnell,57,23odonnell6918@asfm.mx
8092,Kasey Snyder,72,25snyder8092@asfm.mx
8462,Abigayle Benjamin,17,24benjamin8462@asfm.mx
8426,Cade Black,58,23black8426@asfm.mx
9044,Aedan Brewer,65,24brewer9044@asfm.mx
8667,Molly Logan,34,25logan8667@asfm.mx
6210,Austin Townsend,71,26townsend6210@asfm.mx
8346,Aryanna Mcgrath,13,23mcgrath8346@asfm.mx
9484,Britney Armstrong,12,25armstrong9484@asfm.mx
9112,Colten Mccann,79,24mccann9112@asfm.mx
7127,Darrell Peters,68,25peters7127@asfm.mx
7991,Gregory Benton,89,25benton7991@asfm.mx
7125,Jamiya Fields,93,24fields7125@asfm.mx
7347,Emilee Keith,12,25keith7347@asfm.mx
7468,Jake Tucker,72,23tucker7468@asfm.mx
9840,Byron Diaz,9,23diaz9840@asfm.mx
8009,Landon Nguyen,75,26nguyen8009@asfm.mx
7547,Mia Brock,26,24brock7547@asfm.mx
8297,Finnegan Raymond,100,26raymond8297@asfm.mx
9770,Christina Cherry,43,25cherry9770@asfm.mx
6865,Eddie Mendoza,11,25mendoza6865@asfm.mx
8878,Brooks Chang,26,23chang8878@asfm.mx
6130,Carsen Stevens,42,26stevens6130@asfm.mx
6885,Kade Riddle,52,25riddle6885@asfm.mx
6971,Jacob Beard,48,26beard6971@asfm.mx
6917,Brian Pena,53,24pena6917@asfm.mx
9525,Allan Chandler,43,26chandler9525@asfm.mx
8358,Autumn Morgan,95,24morgan8358@asfm.mx
8643,Kamden Zuniga,97,25zuniga8643@asfm.mx
8764,Raphael Hartman,72,25hartman8764@asfm.mx
7314,Nathanael Daniels,74,25daniels7314@asfm.mx
6102,Donovan Le,0,24le6102@asfm.mx
7090,Yamilet Espinoza,27,26espinoza7090@asfm.mx
9586,Kiersten Velez,32,24velez9586@asfm.mx
6169,Jessie Webster,59,26webster6169@asfm.mx
9427,Maya Orozco,81,24orozco9427@asfm.mx
9679,Byron Diaz,17,25diaz9679@asfm.mx
6633,Danielle Garrett,87,26garrett6633@asfm.mx
9737,Jose Mcgee,15,23mcgee9737@asfm.mx
7375,Clarence Beasley,100,26beasley7375@asfm.mx
8903,Nicholas Charles,66,23charles8903@asfm.mx
6859,Sydnee Padilla,8,26padilla6859@asfm.mx
8689,Magdalena Adkins,33,23adkins8689@asfm.mx
7799,Noel Ward,88,26ward7799@asfm.mx
6316,Jeremy Nichols,92,24nichols6316@asfm.mx
7220,Johanna Charles,1,25charles7220@asfm.mx
8350,Darrell Peters,16,23peters8350@asfm.mx
9837,Maurice Ellison,83,25ellison9837@asfm.mx
7458,Aylin Chen,23,26chen7458@asfm.mx
8162,Eddie Mendoza,10,25mendoza8162@asfm.mx
9767,Giovanna Vega,70,25vega9767@asfm.mx
6155,Norah Wagner,37,26wagner6155@asfm.mx
7659,Clara Salas,17,23salas7659@asfm.mx
7584,Eddie Mendoza,47,25mendoza7584@asfm.mx
7124,Giovanna Vega,34,25vega7124@asfm.mx
8026,Elianna Bonilla,56,25bonilla8026@asfm.mx
9126,Meghan Andrade,64,23andrade9126@asfm.mx
9054,Harper Kent,89,26kent9054@asfm.mx
7078,Lily Abbott,89,26abbott7078@asfm.mx
8809,Jett Parrish,21,24parrish8809@asfm.mx
8071,Tristin Mendez,56,23mendez8071@asfm.mx
9555,Santino Wiley,82,24wiley9555@asfm.mx
6875,Mitchell Terry,16,23terry6875@asfm.mx
7964,Santino Ashley,82,23ashley7964@asfm.mx
7634,Raven Avila,13,26avila7634@asfm.mx
6821,Mackenzie Cisneros,94,26cisneros6821@asfm.mx
8962,Kamila Marks,96,24marks8962@asfm.mx
6486,Chasity Padilla,39,23padilla6486@asfm.mx
9157,Jaylah Parks,59,26parks9157@asfm.mx
7275,Yamilet Espinoza,81,23espinoza7275@asfm.mx
8544,Yaretzi Tate,92,24tate8544@asfm.mx
6368,Drake Mcintosh,60,25mcintosh6368@asfm.mx
8713,Skylar Cabrera,44,24cabrera8713@asfm.mx
7630,Shyann Hammond,64,26hammond7630@asfm.mx
8607,Faith Conley,59,23conley8607@asfm.mx
9892,Ryleigh Cantu,94,26cantu9892@asfm.mx
9342,Kailyn Mack,26,26mack9342@asfm.mx
7717,Aryan Frye,74,26frye7717@asfm.mx
6841,Noelle Goodman,32,25goodman6841@asfm.mx
9751,Shawn Juarez,88,23juarez9751@asfm.mx
8188,Christian Duncan,84,26duncan8188@asfm.mx
8466,Britney Armstrong,65,23armstrong8466@asfm.mx
7408,Bronson Allen,23,26allen7408@asfm.mx
9289,Cole Walters,48,25walters9289@asfm.mx
6682,Omar Bell,66,23bell6682@asfm.mx
8067,Sylvia Bush,70,25bush8067@asfm.mx
7153,Ramon Hall,29,24hall7153@asfm.mx
6921,Diego Townsend,56,25townsend6921@asfm.mx
6459,Cale Gallegos,68,24gallegos6459@asfm.mx
7147,Elian Erickson,67,23erickson7147@asfm.mx
9577,Catherine Wong,100,23wong9577@asfm.mx
6813,Austin Hardin,95,24hardin6813@asfm.mx
8390,Ingrid Sexton,15,24sexton8390@asfm.mx
8077,Branden Arnold,96,23arnold8077@asfm.mx
8960,Jaydan Kaufman,72,25kaufman8960@asfm.mx
6985,London Mason,91,24mason6985@asfm.mx
8038,Katrina Stephenson,71,24stephenson8038@asfm.mx
6593,Brock Schmitt,91,24schmitt6593@asfm.mx
7419,Darryl Fletcher,63,23fletcher7419@asfm.mx
7423,Damian Stewart,33,26stewart7423@asfm.mx
6342,Cecelia Gross,57,26gross6342@asfm.mx
8098,Diego Rasmussen,93,23rasmussen8098@asfm.mx
6728,Esteban Grimes,40,24grimes6728@asfm.mx
8945,Kassidy Pittman,19,24pittman8945@asfm.mx
7662,Kingston Frazier,40,24frazier7662@asfm.mx
8610,Zara Ryan,0,24ryan8610@asfm.mx
8011,Danielle Garrett,3,25garrett8011@asfm.mx
7863,Payton Cooley,20,25cooley7863@asfm.mx
8458,Princess Pace,54,23pace8458@asfm.mx
6600,Calvin Salinas,81,24salinas6600@asfm.mx
9640,Sara Bates,53,26bates9640@asfm.mx
9465,Norah Ware,55,25ware9465@asfm.mx
6649,Selena Bond,17,23bond6649@asfm.mx
9364,Koen Alexander,90,26alexander9364@asfm.mx
6239,Aron Ramirez,54,26ramirez6239@asfm.mx
7668,Shaun Becker,85,25becker7668@asfm.mx
9296,Emerson Petersen,13,26petersen9296@asfm.mx
9399,Marvin Gay,45,23gay9399@asfm.mx
9662,Britney Armstrong,87,26armstrong9662@asfm.mx
9037,Quentin Solomon,33,23solomon9037@asfm.mx
8947,Valeria Rosario,11,26rosario8947@asfm.mx
8198,Ellen Huff,61,24huff8198@asfm.mx
7116,Stephany Hickman,39,26hickman7116@asfm.mx
9850,Damaris Mcneil,78,25mcneil9850@asfm.mx
7913,Ayanna Terrell,37,24terrell7913@asfm.mx
6532,Jerimiah Hale,45,24hale6532@asfm.mx
8108,Maurice Ellison,93,23ellison8108@asfm.mx
9962,Alena Sellers,23,24sellers9962@asfm.mx
6185,Kassidy Pittman,25,26pittman6185@asfm.mx
9188,Mareli Hess,37,23hess9188@asfm.mx
7227,Macie Yang,33,26yang7227@asfm.mx
6855,Alivia Ballard,45,24ballard6855@asfm.mx
8570,Dominic Fox,85,23fox8570@asfm.mx
6586,Maxwell Novak,18,26novak6586@asfm.mx
8921,Tessa Lin,20,26lin8921@asfm.mx
9216,Kason Key,76,25key9216@asfm.mx
6561,Jaylah Parks,30,26parks6561@asfm.mx
8902,Jaelyn Villarreal,17,26villarreal8902@asfm.mx
9883,Kamari Nielsen,56,26nielsen9883@asfm.mx
6489,Caroline Cordova,88,25cordova6489@asfm.mx
6551,Aiden Shannon,48,23shannon6551@asfm.mx
7288,Cecilia Campbell,72,26campbell7288@asfm.mx
8510,Maximus Pratt,23,24pratt8510@asfm.mx
8496,Allie Hendrix,1,24hendrix8496@asfm.mx
9353,Saniya Donovan,68,23donovan9353@asfm.mx
8826,Owen Crane,17,24crane8826@asfm.mx
6232,Olivia Schneider,82,24schneider6232@asfm.mx
7858,Erin Myers,72,24myers7858@asfm.mx
7129,Arthur Valenzuela,34,24valenzuela7129@asfm.mx
6479,Alvaro Leach,53,23leach6479@asfm.mx
9750,Darryl Fletcher,5,23fletcher9750@asfm.mx
6013,Miranda Pope,7,24pope6013@asfm.mx
7317,Haven Baldwin,88,23baldwin7317@asfm.mx
8479,Karli Roberts,87,25roberts8479@asfm.mx
7381,Marely Elliott,25,25elliott7381@asfm.mx
8858,Kaylah Guzman,89,23guzman8858@asfm.mx
9648,Carmelo Ho,96,25ho9648@asfm.mx
6192,Kolten Scott,51,23scott6192@asfm.mx
6290,Damarion Kent,14,24kent6290@asfm.mx
9783,Darrell Peters,43,26peters9783@asfm.mx
9965,Ernesto Simon,55,23simon9965@asfm.mx
9481,Izaiah Dickson,31,25dickson9481@asfm.mx
9192,Issac Crawford,60,24crawford9192@asfm.mx
7573,Audrey Paul,50,26paul7573@asfm.mx
6184,Alondra Best,72,24best6184@asfm.mx
9952,Ariella Gilmore,56,26gilmore9952@asfm.mx
6306,Hugh Richards,22,24richards6306@asfm.mx
8995,Kassidy Pittman,97,26pittman8995@asfm.mx
8399,Karter Ortiz,50,23ortiz8399@asfm.mx
6161,Reece Rivera,9,24rivera6161@asfm.mx
7218,Mikayla Brandt,39,25brandt7218@asfm.mx
8024,Phillip Swanson,52,25swanson8024@asfm.mx
6560,Jenna Schaefer,8,24schaefer6560@asfm.mx
7927,Hugh Osborne,53,24osborne7927@asfm.mx
6324,Kaylin Wilkins,65,24wilkins6324@asfm.mx
7237,Derick Lin,77,24lin7237@asfm.mx
7710,Carlie Hanna,95,23hanna7710@asfm.mx
7098,Kelton Davis,25,25davis7098@asfm.mx
7363,Yazmin Garrison,91,25garrison7363@asfm.mx
6188,Mareli Lowery,100,23lowery6188@asfm.mx
6827,Xander Vance,12,24vance6827@asfm.mx
6523,Jeremy Nichols,31,26nichols6523@asfm.mx
9480,Jalen Powers,96,24powers9480@asfm.mx
8691,Colten Mccann,11,26mccann8691@asfm.mx
6635,Nicholas Charles,28,23charles6635@asfm.mx
7184,Jordan Choi,84,26choi7184@asfm.mx
7537,Peter Andrade,17,26andrade7537@asfm.mx
6321,Hailie Stone,92,26stone6321@asfm.mx
6750,Kennedy Riddle,22,25riddle6750@asfm.mx
8061,Calvin Salinas,79,24salinas8061@asfm.mx
8392,Adrienne Haas,98,26haas8392@asfm.mx
9378,Matthew Parsons,74,23parsons9378@asfm.mx
9575,Wayne Mcguire,64,23mcguire9575@asfm.mx
8132,Hugh Glenn,97,26glenn8132@asfm.mx
7495,Jamie Reid,55,23reid7495@asfm.mx
9887,Kayleigh Lowe,54,25lowe9887@asfm.mx
9398,Trey Peck,34,25peck9398@asfm.mx
8770,Vaughn Mueller,19,23mueller8770@asfm.mx
9854,Chelsea Bass,90,25bass9854@asfm.mx
8593,Miracle Dean,13,26dean8593@asfm.mx
9218,Yasmin Douglas,7,24douglas9218@asfm.mx
6582,Maya Orozco,18,25orozco6582@asfm.mx
8018,Cullen Dorsey,38,24dorsey8018@asfm.mx
6437,Mary Hines,33,25hines6437@asfm.mx
6766,Clare Decker,19,23decker6766@asfm.mx
6084,Nathaly Cook,100,26cook6084@asfm.mx
8749,Calvin Jimenez,53,25jimenez8749@asfm.mx
7983,Alexa Potts,31,24potts7983@asfm.mx
8334,Jacey Cisneros,92,25cisneros8334@asfm.mx
8415,Rylee Orr,70,26orr8415@asfm.mx
7403,Carolina Alexander,89,25alexander7403@asfm.mx
8634,Kaitlin Mccarty,43,24mccarty8634@asfm.mx
8961,Cameron Harper,1,26harper8961@asfm.mx
8648,Milton Keith,73,24keith8648@asfm.mx
7200,Jacob Beard,65,23beard7200@asfm.mx
7446,Martin Robertson,84,23robertson7446@asfm.mx
7146,Hallie Lucas,26,23lucas7146@asfm.mx
7565,Rylie Mahoney,25,24mahoney7565@asfm.mx
6969,Luna Mathews,44,25mathews6969@asfm.mx
7980,Ismael Thomas,29,26thomas7980@asfm.mx
7501,Jordin Potts,55,24potts7501@asfm.mx
7145,Dylan Rodgers,55,24rodgers7145@asfm.mx
9911,Christopher Lam,98,24lam9911@asfm.mx
9988,Marlee Mccormick,61,25mccormick9988@asfm.mx
7819,Fletcher Barrett,89,23barrett7819@asfm.mx
9599,Shiloh Wiggins,9,26wiggins9599@asfm.mx
9533,Carly Shepherd,37,25shepherd9533@asfm.mx
9050,Zachariah Baird,84,24baird9050@asfm.mx
9311,Skyler Mcguire,23,24mcguire9311@asfm.mx
9395,Fletcher Barrett,38,26barrett9395@asfm.mx
6001,Howard Richard,18,23richard6001@asfm.mx
9107,Jacob Decker,16,25decker9107@asfm.mx
8404,Tyson Fry,68,24fry8404@asfm.mx
7734,Ayanna Terrell,96,25terrell7734@asfm.mx
7884,Henry Fisher,77,26fisher7884@asfm.mx
8977,Jordin Potts,97,25potts8977@asfm.mx
6724,Semaj Velasquez,84,24velasquez6724@asfm.mx
7136,Payton Cooley,62,26cooley7136@asfm.mx
9879,Aarav Norris,83,23norris9879@asfm.mx
9773,Mylee Gentry,30,24gentry9773@asfm.mx
6993,Johnathan Ford,55,23ford6993@asfm.mx
7765,Luke Mendez,52,25mendez7765@asfm.mx
6343,Chasity Padilla,22,24padilla6343@asfm.mx
6355,Jenna Schaefer,47,25schaefer6355@asfm.mx
6887,Selena Bond,29,25bond6887@asfm.mx
9996,Kaliyah Montes,10,26montes9996@asfm.mx
8318,Nikolas Khan,28,25khan8318@asfm.mx
8782,Carmelo Ho,0,23ho8782@asfm.mx
9176,Alexa Potts,79,24potts9176@asfm.mx
7773,Brooklyn Cole,83,25cole7773@asfm.mx
9992,Dale Bond,7,23bond9992@asfm.mx
7932,Mya Reese,9,24reese7932@asfm.mx
6874,Carsen Stevens,44,25stevens6874@asfm.mx
7651,Irvin Camacho,20,26camacho7651@asfm.mx
8233,Ethan Pierce,4,23pierce8233@asfm.mx
7794,Giana Hahn,10,24hahn7794@asfm.mx
8033,Jairo Price,62,26price8033@asfm.mx
8491,Rosa Underwood,32,23underwood8491@asfm.mx
7228,Henry Fisher,37,24fisher7228@asfm.mx
7256,Mikayla Brandt,6,26brandt7256@asfm.mx
7996,Reese Best,48,23best7996@asfm.mx
6986,Henry Fisher,47,24fisher6986@asfm.mx
8381,Ayanna Leonard,57,25leonard8381@asfm.mx
8975,Pedro Ramsey,21,25ramsey8975@asfm.mx
9475,Audrey Paul,95,23paul9475@asfm.mx
8794,Giana Hahn,47,24hahn8794@asfm.mx
9604,Ayanna Waller,73,24waller9604@asfm.mx
8238,Imani Lang,54,25lang8238@asfm.mx
6743,Alexander Zimmerman,6,24zimmerman6743@asfm.mx
7801,Jayleen Atkins,75,26atkins7801@asfm.mx
6005,Gerald Hunt,56,25hunt6005@asfm.mx
9064,Mckenzie Wilkinson,75,26wilkinson9064@asfm.mx
6991,Cullen Dorsey,72,24dorsey6991@asfm.mx
8325,Kathryn Arroyo,62,26arroyo8325@asfm.mx
8554,Dominique Sawyer,72,26sawyer8554@asfm.mx
9953,Mina Alexander,69,24alexander9953@asfm.mx
9269,Lola Horton,35,26horton9269@asfm.mx
8386,Yaretzi Espinoza,4,23espinoza8386@asfm.mx
9731,Brice Stout,21,25stout9731@asfm.mx
8232,Jakob Byrd,100,25byrd8232@asfm.mx
8199,Isabella Duffy,49,23duffy8199@asfm.mx
6003,Pedro Ramsey,58,26ramsey6003@asfm.mx
7487,Mylie Gardner,25,23gardner7487@asfm.mx
6020,Brian Sweeney,2,26sweeney6020@asfm.mx
7243,Joseph Clements,53,25clements7243@asfm.mx
8920,Braiden Mccall,42,24mccall8920@asfm.mx
6614,Emily Maddox,87,25maddox6614@asfm.mx
7595,Gary Montoya,80,26montoya7595@asfm.mx
6170,Terrell Jackson,22,26jackson6170@asfm.mx
9336,Efrain Shelton,33,26shelton9336@asfm.mx
6805,Santino Wiley,61,24wiley6805@asfm.mx
6293,Brielle Jensen,51,24jensen6293@asfm.mx
9190,Fletcher Barrett,18,26barrett9190@asfm.mx
9141,Deanna Wheeler,39,23wheeler9141@asfm.mx
9891,Jaxon Cervantes,11,25cervantes9891@asfm.mx
7453,Kendal Trevino,7,23trevino7453@asfm.mx
9942,Xander Vance,95,26vance9942@asfm.mx
6549,Rhianna Herring,44,23herring6549@asfm.mx
8567,Cedric Lang,28,24lang8567@asfm.mx
9880,Cyrus Lara,11,25lara9880@asfm.mx
8728,Jenna David,55,25david8728@asfm.mx
8967,Cameron Harper,52,23harper8967@asfm.mx
7281,Zack Huffman,49,26huffman7281@asfm.mx
8191,Colten Mccann,82,26mccann8191@asfm.mx
9655,Elisha Massey,87,24massey9655@asfm.mx
8278,Stephany Hickman,0,23hickman8278@asfm.mx
6413,Christian Duncan,2,26duncan6413@asfm.mx
7912,Isaac Guerrero,97,25guerrero7912@asfm.mx
6265,Jaiden Duncan,64,24duncan6265@asfm.mx
6144,Luke Mendez,72,26mendez6144@asfm.mx
7987,Malia Woodard,13,26woodard7987@asfm.mx
9851,Brady Bradley,61,25bradley9851@asfm.mx
9551,Jennifer Boyer,10,26boyer9551@asfm.mx
9632,Kason Key,48,26key9632@asfm.mx
7438,Victor Solis,18,25solis7438@asfm.mx
9819,Mackenzie Cisneros,19,26cisneros9819@asfm.mx
7308,Leia Hudson,19,24hudson7308@asfm.mx
7543,Nicholas Charles,25,25charles7543@asfm.mx
8469,Carlie Oconnell,64,23oconnell8469@asfm.mx
7931,Damian Cardenas,45,24cardenas7931@asfm.mx
6332,Ethan Pierce,89,23pierce6332@asfm.mx
8189,Kayden Hammond,76,25hammond8189@asfm.mx
6474,Alexander Drake,97,24drake6474@asfm.mx
9203,London Mason,8,26mason9203@asfm.mx
6275,Jaslene Wu,63,23wu6275@asfm.mx
8244,Elisha Massey,76,25massey8244@asfm.mx
7026,Allan Compton,42,23compton7026@asfm.mx
9889,Efrain Oconnor,89,26oconnor9889@asfm.mx
8331,Howard Cameron,98,25cameron8331@asfm.mx
8260,Cullen Costa,8,23costa8260@asfm.mx
7728,Yamilet Espinoza,3,23espinoza7728@asfm.mx
7961,Zavier Charles,37,25charles7961@asfm.mx
7233,Carmelo Ho,69,24ho7233@asfm.mx
6430,Kareem Medina,90,23medina6430@asfm.mx
8726,Janessa Donaldson,40,25donaldson8726@asfm.mx
9725,Elian Erickson,39,25erickson9725@asfm.mx
7525,Lukas Ross,32,24ross7525@asfm.mx
9265,Paul Cruz,78,26cruz9265@asfm.mx
9102,Cedric Lang,22,25lang9102@asfm.mx
8618,Jean Dunn,68,23dunn8618@asfm.mx
8777,Miguel Short,55,23short8777@asfm.mx
9605,Mohammed Sandoval,88,25sandoval9605@asfm.mx
6907,Kason Key,99,26key6907@asfm.mx
8632,Adalynn Owen,98,26owen8632@asfm.mx
7321,Anabella Fritz,74,26fritz7321@asfm.mx
6434,Lawson Weiss,13,25weiss6434@asfm.mx
9053,Annalise Clarke,51,25clarke9053@asfm.mx
6289,Yadira Harrell,67,24harrell6289@asfm.mx
9946,Stella Contreras,53,24contreras9946@asfm.mx
6072,Ayanna Waller,88,25waller6072@asfm.mx
7664,Aryanna Hale,90,25hale7664@asfm.mx
6366,Devon Vazquez,17,24vazquez6366@asfm.mx
9556,Mareli Lowery,96,26lowery9556@asfm.mx
9667,Brandon Logan,30,23logan9667@asfm.mx
7590,Bo Weiss,52,23weiss7590@asfm.mx
6317,Hanna Osborne,89,25osborne6317@asfm.mx
8311,Rhianna Herring,65,25herring8311@asfm.mx
7181,Jean Dunn,25,25dunn7181@asfm.mx
8601,Jessica Norton,94,24norton8601@asfm.mx
8578,Emily Maddox,36,26maddox8578@asfm.mx
8095,Magdalena Adkins,34,24adkins8095@asfm.mx
8224,Matthew Craig,94,25craig8224@asfm.mx
6980,Lorena Alvarez,6,25alvarez6980@asfm.mx
6550,Thomas Hancock,42,26hancock6550@asfm.mx
6483,Alia Molina,51,24molina6483@asfm.mx
8891,Jaycee Carr,62,23carr8891@asfm.mx
7505,Charity Choi,64,26choi7505@asfm.mx
9106,Annabella Gallagher,97,24gallagher9106@asfm.mx
8908,Virginia Mueller,16,25mueller8908@asfm.mx
8608,Zachariah Baird,83,25baird8608@asfm.mx
9860,Owen Bird,39,24bird9860@asfm.mx
7553,Octavio Stokes,69,26stokes7553@asfm.mx
7401,Reece Rivera,60,26rivera7401@asfm.mx
7712,Ayanna Leonard,53,25leonard7712@asfm.mx
7405,Jacey Cisneros,27,24cisneros7405@asfm.mx
8321,Gloria Turner,70,23turner8321@asfm.mx
7963,Yaretzi Espinoza,36,25espinoza7963@asfm.mx
9086,Colin Rosales,53,23rosales9086@asfm.mx
8158,Alexander Zimmerman,5,26zimmerman8158@asfm.mx
9927,Rohan Gray,91,24gray9927@asfm.mx
8955,Kira Hodges,23,24hodges8955@asfm.mx
6412,Rohan Gray,45,26gray6412@asfm.mx
7646,Irvin Barrett,88,26barrett7646@asfm.mx
9928,Chaya Small,60,24small9928@asfm.mx
7966,Lola Cortez,11,25cortez7966@asfm.mx
9038,Terrell Ayers,81,25ayers9038@asfm.mx
8221,Tyrell Horne,77,23horne8221@asfm.mx
8944,Emerson Petersen,16,26petersen8944@asfm.mx
6015,Erick Mejia,73,23mejia6015@asfm.mx
8997,Christopher Lam,0,24lam8997@asfm.mx
9002,Alvin Gregory,86,26gregory9002@asfm.mx
8719,Brady Bradley,63,23bradley8719@asfm.mx
8957,Maurice Ellison,58,24ellison8957@asfm.mx
9349,Wyatt Patton,47,24patton9349@asfm.mx
9529,Carlie Hanna,68,23hanna9529@asfm.mx
9509,Kassidy Pittman,12,23pittman9509@asfm.mx
8803,Lola Horton,69,24horton8803@asfm.mx
8582,Heidi Dominguez,61,25dominguez8582@asfm.mx
6314,Barbara Knox,79,23knox6314@asfm.mx
9215,Emily Maddox,58,24maddox9215@asfm.mx
9641,Colten Mccann,95,23mccann9641@asfm.mx
6699,Luciana Ritter,18,24ritter6699@asfm.mx
6676,Shayla Booker,91,23booker6676@asfm.mx
7732,Jaslene Wu,55,26wu7732@asfm.mx
6940,Marie Sosa,39,23sosa6940@asfm.mx
7763,Jovany Colon,60,24colon7763@asfm.mx
6626,Jovanny Welch,61,25welch6626@asfm.mx
6982,Mckenzie Wilkinson,2,23wilkinson6982@asfm.mx
6608,Zackery Brewer,100,24brewer6608@asfm.mx
6129,Matthew Craig,16,26craig6129@asfm.mx
6735,Asa Kelly,33,25kelly6735@asfm.mx
9144,Ronnie Clarke,86,26clarke9144@asfm.mx
9432,Jakob Wallace,4,23wallace9432@asfm.mx
9595,Aubree Manning,89,25manning9595@asfm.mx
9029,Jacqueline Key,36,25key9029@asfm.mx
8485,Layla Baird,92,25baird8485@asfm.mx
6409,Hanna Huynh,33,23huynh6409@asfm.mx
9528,Dillan Fitzgerald,22,24fitzgerald9528@asfm.mx
8631,Ayanna Leonard,45,25leonard8631@asfm.mx
8636,Deshawn Frye,49,23frye8636@asfm.mx
9570,Cyrus Krause,45,25krause9570@asfm.mx
9324,Jaden Davidson,24,24davidson9324@asfm.mx
9455,Clara Salas,94,23salas9455@asfm.mx
7599,Diamond Casey,43,26casey7599@asfm.mx
9041,Aarav Norris,77,24norris9041@asfm.mx
7813,Hope Coffey,43,25coffey7813@asfm.mx
6999,Jenny Short,30,23short6999@asfm.mx
7677,Lizeth Wright,89,25wright7677@asfm.mx
9094,Lola Cortez,47,25cortez9094@asfm.mx
7258,Miley Moses,35,23moses7258@asfm.mx
6166,Princess Pace,92,24pace6166@asfm.mx
8558,Miranda Pope,36,23pope8558@asfm.mx
8655,Jovanni Bonilla,55,23bonilla8655@asfm.mx
8255,Carmelo Ho,14,25ho8255@asfm.mx
8974,Adrian Morgan,31,23morgan8974@asfm.mx
6770,Carolina Alexander,90,25alexander6770@asfm.mx
8503,Damian Cardenas,45,26cardenas8503@asfm.mx
9983,Lukas James,15,23james9983@asfm.mx
7560,Cassie Hensley,83,26hensley7560@asfm.mx
9705,Hadassah Gillespie,41,24gillespie9705@asfm.mx
9255,Ari Bennett,20,26bennett9255@asfm.mx
6976,Yazmin Garrison,79,23garrison6976@asfm.mx
8324,Frank Oconnor,80,24oconnor8324@asfm.mx
8400,Aniya Navarro,37,24navarro8400@asfm.mx
7531,Austin Townsend,95,26townsend7531@asfm.mx
6357,Owen Bird,73,24bird6357@asfm.mx
8907,Janiyah Moss,100,23moss8907@asfm.mx
9524,Felipe Blake,89,25blake9524@asfm.mx
6958,Meadow Hickman,52,25hickman6958@asfm.mx
9580,Marc Luna,15,25luna9580@asfm.mx
6322,Virginia Mueller,77,26mueller6322@asfm.mx
8101,Sean Murray,99,23murray8101@asfm.mx
9452,Fletcher Barrett,51,26barrett9452@asfm.mx
6307,Justice Powers,77,23powers6307@asfm.mx
6729,Braylen Rosario,12,25rosario6729@asfm.mx
7053,Reagan Gray,60,25gray7053@asfm.mx
6569,Aaliyah Vang,62,26vang6569@asfm.mx
8973,Jaiden Lutz,11,26lutz8973@asfm.mx
7986,Ansley Sutton,36,26sutton7986@asfm.mx
6280,Jalen Zuniga,28,24zuniga6280@asfm.mx
9977,Mauricio Guzman,0,23guzman9977@asfm.mx
9367,Jasmin Waters,44,23waters9367@asfm.mx
8952,Virginia Moyer,56,24moyer8952@asfm.mx
6882,Amare Orozco,1,26orozco6882@asfm.mx
6075,Dominick Herman,97,25herman6075@asfm.mx
6433,Deja Foster,62,26foster6433@asfm.mx
6828,Justus Yang,48,25yang6828@asfm.mx
6162,Heidi Hines,16,26hines6162@asfm.mx
7675,Makenna Byrd,88,24byrd7675@asfm.mx
6651,Ramiro Cardenas,57,25cardenas6651@asfm.mx
8411,Molly Logan,55,24logan8411@asfm.mx
8493,Cale Carson,7,23carson8493@asfm.mx
7010,Matthew Craig,4,26craig7010@asfm.mx
7059,Diego Townsend,75,23townsend7059@asfm.mx
9508,Kian Stanton,30,26stanton9508@asfm.mx
8986,Clare Decker,93,26decker8986@asfm.mx
8814,Xander Vance,76,26vance8814@asfm.mx
6856,Aaliyah Mendez,76,24mendez6856@asfm.mx
9012,Imani Lang,85,26lang9012@asfm.mx
6177,Luke Mendez,71,24mendez6177@asfm.mx
6656,Case Walls,32,24walls6656@asfm.mx
7707,Lyric Dunlap,18,25dunlap7707@asfm.mx
8665,Denise Powers,71,25powers8665@asfm.mx
6211,Kadence Pineda,53,25pineda6211@asfm.mx
9498,Kayleigh Dorsey,5,23dorsey9498@asfm.mx
7134,Gabriela Cooper,80,23cooper7134@asfm.mx
7574,Gilberto Gross,82,23gross7574@asfm.mx
8839,Chaz Hunt,8,23hunt8839@asfm.mx
8685,Konnor Thornton,86,25thornton8685@asfm.mx
8035,Adrienne Haas,66,24haas8035@asfm.mx
8835,Jada Weaver,97,26weaver8835@asfm.mx
7893,Aniya Navarro,52,23navarro7893@asfm.mx
8789,Kayleigh Lowe,47,25lowe8789@asfm.mx
9826,Sydnee Padilla,77,23padilla9826@asfm.mx
8157,Noelle Goodman,7,25goodman8157@asfm.mx
8506,Kolby Morrison,74,23morrison8506@asfm.mx
9563,Violet Carlson,40,23carlson9563@asfm.mx
7109,Giovanna Vega,8,24vega7109@asfm.mx
7974,Ashlynn Mccann,29,26mccann7974@asfm.mx
8393,Tomas Serrano,77,24serrano8393@asfm.mx
7839,Athena Kerr,6,26kerr7839@asfm.mx
7610,Mike Nolan,82,26nolan7610@asfm.mx
7653,Braiden Mccall,2,25mccall7653@asfm.mx
6252,Virginia Swanson,73,25swanson6252@asfm.mx
7557,Harley Reynolds,90,26reynolds7557@asfm.mx
8599,Silas Sandoval,56,25sandoval8599@asfm.mx
9695,Calvin Salinas,30,24salinas9695@asfm.mx
9815,Jayden Oconnor,56,24oconnor9815@asfm.mx
9233,Chelsea Klein,84,26klein9233@asfm.mx
6697,Jarrett Miller,99,26miller6697@asfm.mx
8063,Adeline Pierce,15,24pierce8063@asfm.mx
7703,Aubree Melton,18,23melton7703@asfm.mx
9425,Camden Aguirre,2,26aguirre9425@asfm.mx
9370,Amelie Andrade,87,23andrade9370@asfm.mx
8509,Alyson Miles,52,26miles8509@asfm.mx
9305,Kolten Pena,90,24pena9305@asfm.mx
6346,Lillian Richard,43,25richard6346@asfm.mx
8965,Damarion Cunningham,17,23cunningham8965@asfm.mx
6594,Marley Fuentes,97,26fuentes6594@asfm.mx
6886,Gage Wagner,17,25wagner6886@asfm.mx
9154,Felipe Blake,54,23blake9154@asfm.mx
6845,Aryan Frye,65,25frye6845@asfm.mx
9309,Maurice Ellison,84,25ellison9309@asfm.mx
6646,Melina Weeks,71,23weeks6646@asfm.mx
9380,Jose Mcgee,65,23mcgee9380@asfm.mx
8264,Mary Hines,21,24hines8264@asfm.mx
7687,Mina Alexander,0,26alexander7687@asfm.mx
8993,Kamden Zuniga,28,26zuniga8993@asfm.mx
8253,Annabella Boyd,75,23boyd8253@asfm.mx
6330,Aubree Henry,14,26henry6330@asfm.mx
9356,Jadyn Lucas,41,23lucas9356@asfm.mx
8804,Augustus Mcguire,35,26mcguire8804@asfm.mx
7426,Aarav Wong,42,24wong7426@asfm.mx
6318,Kieran Rubio,79,25rubio6318@asfm.mx
7643,Zavier Bautista,66,25bautista7643@asfm.mx
7874,Natalee Rojas,70,26rojas7874@asfm.mx
8705,Ramiro Webb,57,23webb8705@asfm.mx
6899,Izaiah Dickson,18,23dickson6899@asfm.mx
8003,Jonathan Barron,75,23barron8003@asfm.mx
6028,Cassie Hensley,98,23hensley6028@asfm.mx
7447,Bo Weiss,79,25weiss7447@asfm.mx
8859,Jaelyn Villarreal,17,24villarreal8859@asfm.mx
6654,Fernanda Frey,66,24frey6654@asfm.mx
8127,Erin Myers,3,24myers8127@asfm.mx
6254,Ahmad Larsen,2,26larsen6254@asfm.mx
9018,Braylon Sherman,88,26sherman9018@asfm.mx
7290,Jimmy Neal,21,26neal7290@asfm.mx
7442,Daniella Crawford,6,24crawford7442@asfm.mx
8872,Isai Briggs,28,23briggs8872@asfm.mx
8012,Joseph Clements,43,26clements8012@asfm.mx
8083,Adalynn Owen,49,26owen8083@asfm.mx
7261,Sandra Singleton,72,25singleton7261@asfm.mx
8273,Dale Oneill,20,24oneill8273@asfm.mx
9456,Mathias Hess,24,24hess9456@asfm.mx
7611,Kamora Walton,31,26walton7611@asfm.mx
9388,Areli Mayer,38,26mayer9388@asfm.mx
8257,Emerson Petersen,66,23petersen8257@asfm.mx
7325,Greta Morton,8,26morton7325@asfm.mx
7427,Junior Brandt,86,24brandt7427@asfm.mx
9510,Giovanny Bautista,73,23bautista9510@asfm.mx
9710,Erin Myers,42,24myers9710@asfm.mx
6281,Jon Bray,75,24bray6281@asfm.mx
6373,Monique Boone,93,25boone6373@asfm.mx
9312,Morgan Johns,84,23johns9312@asfm.mx
9790,Jovani Stark,67,24stark9790@asfm.mx
9612,Erick Mejia,76,24mejia9612@asfm.mx
6395,Landyn Fry,76,23fry6395@asfm.mx
7018,Mina Wade,60,23wade7018@asfm.mx
7339,Cale Carson,72,24carson7339@asfm.mx
8170,Annalise Clarke,31,24clarke8170@asfm.mx
9691,Zack Terrell,71,24terrell9691@asfm.mx
7208,Asa Kelly,51,26kelly7208@asfm.mx
8070,Barbara Knox,16,26knox8070@asfm.mx
6270,Nataly Hernandez,69,24hernandez6270@asfm.mx
7388,Mathias Hess,90,25hess7388@asfm.mx
8799,Ricky Reynolds,3,26reynolds8799@asfm.mx
8185,Marely Elliott,35,25elliott8185@asfm.mx
9214,Aryanna Mcgrath,38,24mcgrath9214@asfm.mx
8021,Alice Crosby,71,23crosby8021@asfm.mx
6009,Abigayle Benjamin,43,24benjamin6009@asfm.mx
7772,Mekhi Bright,13,23bright7772@asfm.mx
9085,Nikolas Washington,89,25washington9085@asfm.mx
7481,Jamir Pittman,7,25pittman7481@asfm.mx
6033,Gage Wagner,29,23wagner6033@asfm.mx
9976,Allan Compton,32,23compton9976@asfm.mx
9129,Amare Orozco,11,23orozco9129@asfm.mx
9062,Izaiah Dickson,95,24dickson9062@asfm.mx
7873,Conrad Kirk,15,25kirk7873@asfm.mx
8265,Heidi Dominguez,34,23dominguez8265@asfm.mx
6428,Jaden Davidson,7,26davidson6428@asfm.mx
8431,Waylon Riggs,32,26riggs8431@asfm.mx
9513,Jose Burch,4,23burch9513@asfm.mx
7977,Libby Galloway,88,25galloway7977@asfm.mx
6704,Alyssa Turner,44,24turner6704@asfm.mx
7093,Aryana Gross,35,26gross7093@asfm.mx
9661,Leia Roman,1,23roman9661@asfm.mx
8547,Rylie Mahoney,54,23mahoney8547@asfm.mx
7499,Silas Mcdaniel,65,24mcdaniel7499@asfm.mx
9169,Allen Castro,48,26castro9169@asfm.mx
8359,Case Walls,15,26walls8359@asfm.mx
7168,Dillan Fitzgerald,66,23fitzgerald7168@asfm.mx
6218,Haven Baldwin,58,23baldwin6218@asfm.mx
6565,Kolby Morrison,73,24morrison6565@asfm.mx
9581,Gia Wiley,39,26wiley9581@asfm.mx
6022,Augustus Mcguire,58,24mcguire6022@asfm.mx
6187,Xander Vance,6,25vance6187@asfm.mx
7236,Keyla Walsh,53,25walsh7236@asfm.mx
9538,Marianna Buck,36,23buck9538@asfm.mx
8939,Jagger Stuart,94,25stuart8939@asfm.mx
8057,Damarion Kent,32,26kent8057@asfm.mx
6823,Caiden Manning,34,26manning6823@asfm.mx
6965,Kash Colon,54,26colon6965@asfm.mx
9460,Jon Bray,76,23bray9460@asfm.mx
6365,Lindsey Hill,98,24hill6365@asfm.mx
6441,Terrence Singh,91,23singh6441@asfm.mx
7178,Aaliyah Mendez,55,26mendez7178@asfm.mx
6079,Lawson Weiss,72,26weiss6079@asfm.mx
9160,Adalynn Owen,66,24owen9160@asfm.mx
7095,Violet Hayes,19,23hayes7095@asfm.mx
6687,Virginia Mueller,64,23mueller6687@asfm.mx
6934,Rohan Gray,98,24gray6934@asfm.mx
7262,Case Walls,14,26walls7262@asfm.mx
8140,Lucian Cochran,47,24cochran8140@asfm.mx
9676,Ryan Lawrence,25,26lawrence9676@asfm.mx
6105,Jair Barker,25,26barker6105@asfm.mx
9466,Silas Sandoval,22,26sandoval9466@asfm.mx
6234,Kadence Padilla,68,26padilla6234@asfm.mx
9091,Heidi Hines,26,23hines9091@asfm.mx
6644,Mariah Fitzpatrick,85,26fitzpatrick6644@asfm.mx
7753,Mekhi Edwards,28,23edwards7753@asfm.mx
7666,Guadalupe Valdez,53,24valdez7666@asfm.mx
8543,Miah Mckee,14,23mckee8543@asfm.mx
8551,Nola Browning,64,26browning8551@asfm.mx
6672,Raiden Webster,84,23webster6672@asfm.mx
9859,Emilee Keith,27,25keith9859@asfm.mx
8899,Izayah Rich,17,25rich8899@asfm.mx
9808,Katrina Stephenson,70,24stephenson9808@asfm.mx
9871,Austin Hardin,85,24hardin9871@asfm.mx
9232,Tate Todd,21,26todd9232@asfm.mx
6981,Anya Gilmore,34,25gilmore6981@asfm.mx
6587,Marcelo Hines,59,23hines6587@asfm.mx
7118,Leia Roman,44,23roman7118@asfm.mx
9934,Nikolas Khan,85,25khan9934@asfm.mx
7336,Ethan Barnes,77,24barnes7336@asfm.mx
8951,Brynlee Herring,10,23herring8951@asfm.mx
8228,Hugh Richards,92,26richards8228@asfm.mx
7283,Lucia Robbins,13,25robbins7283@asfm.mx
8413,Maxim Mora,53,24mora8413@asfm.mx
8383,Tommy Caldwell,93,23caldwell8383@asfm.mx
6017,Giana Hahn,55,23hahn6017@asfm.mx
9915,Kian Stanton,92,24stanton9915@asfm.mx
7126,Hana May,71,23may7126@asfm.mx
8758,Maximus Pratt,71,23pratt8758@asfm.mx
9032,Semaj Velasquez,80,25velasquez9032@asfm.mx
6937,Madeline Houston,94,26houston6937@asfm.mx
7470,Jaidyn Faulkner,52,25faulkner7470@asfm.mx
8365,Gerald Hunt,14,24hunt8365@asfm.mx
7221,Sandra Singleton,84,24singleton7221@asfm.mx
8307,Jordan Choi,87,24choi8307@asfm.mx
6954,Jon Bray,48,24bray6954@asfm.mx
7450,Carmen Moyer,22,24moyer7450@asfm.mx
8659,Jakob Wallace,82,26wallace8659@asfm.mx
8494,Carmen Moyer,46,24moyer8494@asfm.mx
6693,Hezekiah Carter,44,25carter6693@asfm.mx
8459,Keagan Tyler,89,24tyler8459@asfm.mx
8203,Kendal Trevino,25,25trevino8203@asfm.mx
9069,Jaiden Lutz,47,24lutz9069@asfm.mx
9109,Jarrett Miller,71,24miller9109@asfm.mx
8791,Ireland Wyatt,53,26wyatt8791@asfm.mx
8911,Derick Lin,71,26lin8911@asfm.mx
9472,Ireland Andrade,84,25andrade9472@asfm.mx
9450,Paityn Lynn,15,25lynn9450@asfm.mx
9975,Martin Robertson,4,26robertson9975@asfm.mx
7371,Joseph Clements,26,23clements7371@asfm.mx
9026,Madelynn Humphrey,21,23humphrey9026@asfm.mx
6610,Branson Weber,86,25weber6610@asfm.mx
7641,Billy Warner,92,23warner7641@asfm.mx
8715,Sanai Marquez,32,23marquez8715@asfm.mx
7601,Johnathan Ford,4,24ford7601@asfm.mx
7508,Phillip Swanson,27,26swanson7508@asfm.mx
6320,Reece Rivera,23,24rivera6320@asfm.mx
9237,Sandra Singleton,99,24singleton9237@asfm.mx
8817,Faith Conley,66,25conley8817@asfm.mx
8284,Zavier Charles,41,25charles8284@asfm.mx
8354,Justine Crane,62,24crane8354@asfm.mx
7890,Joseph Bonilla,97,26bonilla7890@asfm.mx
7238,Charlie Solis,45,23solis7238@asfm.mx
6641,Aubree Manning,49,25manning6641@asfm.mx
6771,Lyric Dunlap,100,23dunlap6771@asfm.mx
9310,Bentley Friedman,44,26friedman9310@asfm.mx
6572,Roberto Vazquez,44,26vazquez6572@asfm.mx
8124,Jamari Wise,75,26wise8124@asfm.mx
9080,Titus Mayer,9,25mayer9080@asfm.mx
9717,Ellen Huff,87,24huff9717@asfm.mx
8988,Kolten Scott,20,24scott8988@asfm.mx
9413,Brodie Cooke,86,24cooke9413@asfm.mx
7247,Kyler Huang,54,25huang7247@asfm.mx
9978,Justus Yang,38,26yang9978@asfm.mx
6851,Norah Ware,99,24ware6851@asfm.mx
7362,Alvaro Leach,22,26leach7362@asfm.mx
6657,Haylie Small,17,24small6657@asfm.mx
8805,Christine Herman,15,26herman8805@asfm.mx
6840,Keely Blackburn,75,23blackburn6840@asfm.mx
9151,Nash Willis,71,26willis9151@asfm.mx
8679,Cornelius Willis,67,25willis8679@asfm.mx
8425,Darryl Fletcher,52,23fletcher8425@asfm.mx
7718,Andre Page,40,24page7718@asfm.mx
9802,Addyson Krueger,93,24krueger9802@asfm.mx
8029,Demarcus Gentry,90,26gentry8029@asfm.mx
7774,Malia Woodard,64,26woodard7774@asfm.mx
6923,Jalen Powers,66,23powers6923@asfm.mx
9651,Trevor Dixon,17,25dixon9651@asfm.mx
9874,Jayden Oconnor,53,25oconnor9874@asfm.mx
9925,Calvin Salinas,73,26salinas9925@asfm.mx
6797,Macy Carlson,57,24carlson6797@asfm.mx
8379,Benjamin English,67,24english8379@asfm.mx
9039,Eddie Mendoza,50,26mendoza9039@asfm.mx
6922,Autumn Morgan,14,24morgan6922@asfm.mx
6201,Anna Sexton,96,23sexton6201@asfm.mx
7315,Brenna Webb,47,25webb7315@asfm.mx
8209,Branden Arnold,49,23arnold8209@asfm.mx
9263,Raquel Glover,17,26glover9263@asfm.mx
7540,Adrianna Holmes,7,23holmes7540@asfm.mx
9553,Bronson Allen,62,26allen9553@asfm.mx
6530,Alexander Drake,26,24drake6530@asfm.mx
9792,Ireland Wyatt,10,24wyatt9792@asfm.mx
8126,Dylan Hudson,92,26hudson8126@asfm.mx
7805,Isaac Guerrero,44,23guerrero7805@asfm.mx
6024,Pierce Benton,7,25benton6024@asfm.mx
7933,Aaliyah Mendez,41,25mendez7933@asfm.mx
9089,Emerson Hanson,20,23hanson9089@asfm.mx
8435,Emily Maddox,24,24maddox8435@asfm.mx
6576,Grady Pena,93,24pena6576@asfm.mx
8351,Sonia Johns,17,24johns8351@asfm.mx
9079,Kash Colon,11,26colon9079@asfm.mx
9236,Amya Richards,56,26richards9236@asfm.mx
8540,Kennedy Riddle,7,26riddle8540@asfm.mx
7207,Justine Watts,83,26watts7207@asfm.mx
6808,Nash Houston,38,24houston6808@asfm.mx
8492,Nataly Munoz,20,26munoz8492@asfm.mx
8897,Dominick Herman,30,25herman8897@asfm.mx
9275,Ayanna Leonard,6,26leonard9275@asfm.mx
6953,Thomas Hancock,40,26hancock6953@asfm.mx
8568,Jeffery Peters,1,24peters8568@asfm.mx
8909,Izaiah Dickson,24,23dickson8909@asfm.mx
9056,Dahlia Burch,22,25burch9056@asfm.mx
7838,Jaida Melton,72,24melton7838@asfm.mx
6140,Case Walls,33,26walls6140@asfm.mx
9181,Meadow Hickman,20,26hickman9181@asfm.mx
9923,Jean Dunn,38,24dunn9923@asfm.mx
9598,Carolina Alexander,56,23alexander9598@asfm.mx
6747,Justin Reeves,88,23reeves6747@asfm.mx
7999,Anya Gilmore,74,23gilmore7999@asfm.mx
6462,Ricky Solis,74,24solis6462@asfm.mx
9590,Rocco Daniels,46,23daniels9590@asfm.mx
7104,Elian Valdez,8,24valdez7104@asfm.mx
7433,Boston Fletcher,47,24fletcher7433@asfm.mx
8889,Jenna Schaefer,27,23schaefer8889@asfm.mx
8583,Urijah Rowe,41,24rowe8583@asfm.mx
8259,Makenzie Mccarthy,18,23mccarthy8259@asfm.mx
9162,Cecilia Campbell,95,24campbell9162@asfm.mx
6423,Leia Hudson,90,25hudson6423@asfm.mx
9569,Maverick Wu,84,23wu9569@asfm.mx
9256,Trevor Dixon,59,25dixon9256@asfm.mx
6014,Thomas Hancock,4,25hancock6014@asfm.mx
8560,Kamryn Kirby,57,26kirby8560@asfm.mx
7327,Jolie Gates,51,26gates7327@asfm.mx
8326,Nathaly Cook,92,25cook8326@asfm.mx
6183,Aedan Brewer,90,23brewer6183@asfm.mx
9446,Lucia Robbins,47,26robbins9446@asfm.mx
6857,Lennon Sellers,78,26sellers6857@asfm.mx
8090,Jovani Becker,44,25becker8090@asfm.mx
9956,Rylan Compton,11,24compton9956@asfm.mx
8747,Yadiel Jenkins,19,25jenkins8747@asfm.mx
6520,Jaiden Olson,44,23olson6520@asfm.mx
9355,Addyson Krueger,94,25krueger9355@asfm.mx
9071,Sienna Kennedy,33,25kennedy9071@asfm.mx
6173,Brendan Salas,35,23salas6173@asfm.mx
9849,Cullen Brooks,70,24brooks9849@asfm.mx
6122,Owen Bird,58,25bird6122@asfm.mx
6326,Matthew Parsons,37,24parsons6326@asfm.mx
6394,Ricky Reynolds,70,24reynolds6394@asfm.mx
7214,Janessa Donaldson,44,24donaldson7214@asfm.mx
6795,Evelyn Marshall,93,23marshall6795@asfm.mx
7935,Lindsay Pacheco,94,25pacheco7935@asfm.mx
8301,Averie Chung,60,24chung8301@asfm.mx
9668,Joseph Bonilla,26,23bonilla9668@asfm.mx
6518,Julianne Tate,27,23tate6518@asfm.mx
6449,Nash Willis,51,25willis6449@asfm.mx
7329,Braylon Sherman,22,23sherman7329@asfm.mx
9933,Jamari Wise,84,25wise9933@asfm.mx
6082,Perla Chen,36,23chen6082@asfm.mx
6730,Cyrus Lara,28,25lara6730@asfm.mx
6906,Mareli Hess,67,26hess6906@asfm.mx
9412,Keagan Tyler,29,23tyler9412@asfm.mx
9878,Aditya Joyce,80,25joyce9878@asfm.mx
8983,Victor Solis,58,23solis8983@asfm.mx
6513,Danielle Garrett,96,23garrett6513@asfm.mx
9384,Yaretzi Espinoza,34,24espinoza9384@asfm.mx
7850,Virginia Mueller,72,25mueller7850@asfm.mx
7382,Nataly Hernandez,6,24hernandez7382@asfm.mx
6191,Kathy Beasley,88,23beasley6191@asfm.mx
9343,Allyson Nichols,52,26nichols9343@asfm.mx
6007,Morgan Johns,31,25johns6007@asfm.mx
6426,Melina Weeks,81,26weeks6426@asfm.mx
7857,Brice Stout,17,23stout7857@asfm.mx
7944,Kason Key,13,23key7944@asfm.mx
7222,Kolten Scott,47,25scott7222@asfm.mx
6043,Kyson Ingram,35,25ingram6043@asfm.mx
7120,Mina Alexander,33,26alexander7120@asfm.mx
8042,Catalina Montoya,100,24montoya8042@asfm.mx
9294,Shiloh Wiggins,16,25wiggins9294@asfm.mx
8861,Precious Guzman,5,25guzman8861@asfm.mx
7133,Carlo Medina,25,23medina7133@asfm.mx
8450,Makhi Foster,18,25foster8450@asfm.mx
9118,Felipe Blake,97,26blake9118@asfm.mx
7790,Emerson Mcdowell,65,24mcdowell7790@asfm.mx
8812,Ari Bennett,80,23bennett8812@asfm.mx
8662,Wyatt Patton,93,25patton8662@asfm.mx
8250,Ramiro Webb,93,26webb8250@asfm.mx
9644,Allyson Nichols,54,26nichols9644@asfm.mx
6088,Brandon Logan,19,24logan6088@asfm.mx
7130,Fletcher Barrett,46,24barrett7130@asfm.mx
7635,Zackary Foster,9,24foster7635@asfm.mx
6374,Sophia Blanchard,24,23blanchard6374@asfm.mx
7034,Dayana Montoya,50,24montoya7034@asfm.mx
9824,Ashton Cherry,80,26cherry9824@asfm.mx
7063,Julianne Tate,22,23tate7063@asfm.mx
7393,Taylor Lopez,12,23lopez7393@asfm.mx
9281,Jayleen Atkins,15,24atkins9281@asfm.mx
6749,Aryan Frye,58,24frye6749@asfm.mx
6046,Irvin Barrett,77,23barrett6046@asfm.mx
6145,Rocco Sheppard,13,25sheppard6145@asfm.mx
6837,Dwayne Rivera,77,26rivera6837@asfm.mx
9579,Tate Todd,29,25todd9579@asfm.mx
7284,Katrina Stephenson,10,26stephenson7284@asfm.mx
7513,Adrienne Haas,19,26haas7513@asfm.mx
9916,Brianna Chambers,68,24chambers9916@asfm.mx
7515,Bianca Watkins,97,24watkins7515@asfm.mx
6665,Dominique Sawyer,40,26sawyer6665@asfm.mx
9658,Damian Stewart,25,26stewart9658@asfm.mx
7231,Aubree Manning,98,23manning7231@asfm.mx
6548,Drew Acevedo,76,26acevedo6548@asfm.mx
6891,Kathryn Arroyo,59,23arroyo6891@asfm.mx
7486,Maverick Wu,71,25wu7486@asfm.mx
7911,Dale Bond,46,25bond7911@asfm.mx
7783,Hailie Stone,53,25stone7783@asfm.mx
7724,Hailie Stone,48,23stone7724@asfm.mx
9886,Katrina Stephenson,11,24stephenson9886@asfm.mx
6286,Hana James,35,25james6286@asfm.mx
8231,Koen Alexander,72,25alexander8231@asfm.mx
8367,Kira Hodges,81,23hodges8367@asfm.mx
9991,Cassie Meza,70,25meza9991@asfm.mx
8860,Cole Walters,80,24walters8860@asfm.mx
7072,Lucy Shah,96,26shah7072@asfm.mx
8712,Adalynn Owen,89,23owen8712@asfm.mx
7285,Byron Diaz,68,23diaz7285@asfm.mx
8076,Carmelo Ho,99,24ho8076@asfm.mx
8474,Jenny Short,28,26short8474@asfm.mx
9806,Leila Walls,59,23walls9806@asfm.mx
7172,Hana May,51,24may7172@asfm.mx
6107,Gabriella Douglas,99,24douglas6107@asfm.mx
9393,Kadence Padilla,89,24padilla9393@asfm.mx
7151,Jadyn Lucas,46,24lucas7151@asfm.mx
9593,Daphne Archer,92,25archer9593@asfm.mx
7866,Kasey Snyder,88,26snyder7866@asfm.mx
9964,Sean Murray,91,24murray9964@asfm.mx
9016,Lia Oconnell,53,24oconnell9016@asfm.mx
7910,Jalen Powers,90,24powers7910@asfm.mx
6312,Meghan Andrade,93,25andrade6312@asfm.mx
8579,Kaydence Burns,68,26burns8579@asfm.mx
8675,Cecilia Campbell,40,26campbell8675@asfm.mx
7627,Orlando Costa,72,24costa7627@asfm.mx
7559,Evelyn Marshall,17,25marshall7559@asfm.mx
8966,Bethany Leon,59,24leon8966@asfm.mx
9213,Neil Duffy,26,23duffy9213@asfm.mx
6777,Lukas Ross,71,25ross6777@asfm.mx
8686,Payton Cooley,13,24cooley8686@asfm.mx
6580,Eduardo Hood,69,24hood6580@asfm.mx
9175,Haylee Haynes,44,23haynes9175@asfm.mx
9482,Diamond Casey,23,23casey9482@asfm.mx
9724,Marina Eaton,28,24eaton9724@asfm.mx
9101,Brandon Logan,40,25logan9101@asfm.mx
9165,Martin Robertson,16,26robertson9165@asfm.mx
8867,Amelie Andrade,51,25andrade8867@asfm.mx
8514,Irvin Barrett,36,24barrett8514@asfm.mx
6475,Christina Cherry,98,26cherry6475@asfm.mx
9061,Chasity Porter,100,26porter9061@asfm.mx
9548,Camryn Foster,10,26foster9548@asfm.mx
6826,Hana James,50,23james6826@asfm.mx
7396,Monique Abbott,49,25abbott7396@asfm.mx
7049,Precious Guzman,8,25guzman7049@asfm.mx
6021,Ethan Pierce,35,23pierce6021@asfm.mx
7788,Ashton Cherry,71,26cherry7788@asfm.mx
6895,Timothy Mathis,80,24mathis6895@asfm.mx
9049,Giana Hahn,92,25hahn9049@asfm.mx
9971,Miranda Pope,37,26pope9971@asfm.mx
8905,Silas Mcdaniel,4,25mcdaniel8905@asfm.mx
6782,Violet Carlson,28,24carlson6782@asfm.mx
7334,Melina Weeks,55,26weeks7334@asfm.mx
7439,Naima Dillon,74,25dillon7439@asfm.mx
8508,Kamora Walton,51,26walton8508@asfm.mx
9637,Joy Herring,29,26herring9637@asfm.mx
7099,Jaxon Cervantes,36,25cervantes7099@asfm.mx
8565,Brynlee Herring,76,24herring8565@asfm.mx
7310,Xander Vance,41,26vance7310@asfm.mx
6302,Jessica Norton,27,26norton6302@asfm.mx
9885,Cecilia Campbell,92,23campbell9885@asfm.mx
7390,Lucia Robbins,23,23robbins7390@asfm.mx
8014,Ryder Melendez,94,24melendez8014@asfm.mx
6721,Jillian Wang,72,25wang6721@asfm.mx
7121,Justine Watts,24,26watts7121@asfm.mx
8673,Jaelynn Vaughan,12,26vaughan8673@asfm.mx
7449,Allie Hendrix,88,25hendrix7449@asfm.mx
6932,Victor Solis,22,26solis6932@asfm.mx
8527,London Mason,24,24mason8527@asfm.mx
8371,Calvin Salinas,94,23salinas8371@asfm.mx
9243,Jaiden Duncan,55,26duncan9243@asfm.mx
9735,Eduardo Hood,62,24hood9735@asfm.mx
6419,Miley Moses,61,24moses6419@asfm.mx
6379,Amirah Gillespie,36,26gillespie6379@asfm.mx
9022,Dwayne Berger,73,23berger9022@asfm.mx
9966,Lamont Reynolds,61,24reynolds9966@asfm.mx
6359,Haylee Haynes,14,26haynes6359@asfm.mx
9536,Giana Hahn,38,24hahn9536@asfm.mx
6138,Jovanni Bonilla,30,26bonilla6138@asfm.mx
6457,Koen Alexander,18,25alexander6457@asfm.mx
9387,Zara Ryan,68,23ryan9387@asfm.mx
8989,Harley Fischer,80,24fischer8989@asfm.mx
9253,Cole Walters,15,25walters9253@asfm.mx
8922,Jasmin Waters,7,25waters8922@asfm.mx
9990,Brielle Jensen,40,26jensen9990@asfm.mx
9132,Nathaly Cook,14,26cook9132@asfm.mx
8531,Thomas Hancock,90,25hancock8531@asfm.mx
9276,Harley Reynolds,15,23reynolds9276@asfm.mx
6097,Kadence Pineda,100,24pineda6097@asfm.mx
9440,Ayanna Frye,51,26frye9440@asfm.mx
6542,Leila Browning,84,23browning6542@asfm.mx
7230,Dillan Fitzgerald,80,25fitzgerald7230@asfm.mx
8559,Christopher Lam,65,23lam8559@asfm.mx
7726,Jaycee Carr,42,25carr7726@asfm.mx
6493,Dale Gate,95,25gate6493@asfm.mx
6243,Diego Rasmussen,0,24rasmussen6243@asfm.mx
9381,Ainsley Stout,49,26stout9381@asfm.mx
8895,Leandro Beck,56,24beck8895@asfm.mx
8605,Saul Walker,39,23walker8605@asfm.mx
8829,Luka Gentry,6,26gentry8829@asfm.mx
8815,Nola Browning,82,25browning8815@asfm.mx
7602,Caiden Manning,65,25manning7602@asfm.mx
6832,Aydan Carey,73,23carey6832@asfm.mx
6100,Marie Sosa,93,26sosa6100@asfm.mx
7782,Jose Burch,100,25burch7782@asfm.mx
7644,Brielle Jensen,14,24jensen7644@asfm.mx
9980,Itzel Duarte,79,24duarte9980@asfm.mx
8641,Rishi Mejia,26,25mejia8641@asfm.mx
6804,Paige Parsons,100,25parsons6804@asfm.mx
7567,Brooklynn Pierce,95,23pierce7567@asfm.mx
8002,Charlie Solis,87,23solis8002@asfm.mx
6867,Terrance Avery,52,25avery6867@asfm.mx
6216,Diego Townsend,8,24townsend6216@asfm.mx
9142,Emilee Keith,17,25keith9142@asfm.mx
8552,Ronnie Clarke,14,24clarke8552@asfm.mx
9564,Isaac Guerrero,16,26guerrero9564@asfm.mx
8556,Leonidas Lyons,60,24lyons8556@asfm.mx
8721,Andre Page,8,24page8721@asfm.mx
7077,Jordan Choi,53,23choi7077@asfm.mx
7114,Braxton Hale,38,25hale7114@asfm.mx
7277,Elsie Grant,70,24grant7277@asfm.mx
7110,Kamila Marks,85,26marks7110@asfm.mx
8837,Thomas Hancock,76,24hancock8837@asfm.mx
6057,Trenton Calhoun,65,26calhoun6057@asfm.mx
8449,Kamden Zuniga,8,23zuniga8449@asfm.mx
7025,Luke Mendez,80,24mendez7025@asfm.mx
8617,Brittany Durham,79,26durham8617@asfm.mx
6667,Brielle Jensen,61,24jensen6667@asfm.mx
9506,Quentin Solomon,5,23solomon9506@asfm.mx
9514,Zack Huffman,4,23huffman9514@asfm.mx
7992,Maggie Nelson,12,25nelson7992@asfm.mx
9828,Gilberto Gross,2,24gross9828@asfm.mx
7240,Aylin Chen,26,26chen7240@asfm.mx
9140,Jordan Choi,68,25choi9140@asfm.mx
9693,Jaslene Wu,89,23wu9693@asfm.mx
8180,Cullen Costa,84,25costa8180@asfm.mx
9223,Camryn Foster,78,25foster9223@asfm.mx
7524,Arely Bright,98,26bright7524@asfm.mx
8104,Taylor Lopez,23,24lopez8104@asfm.mx
7811,Aarav Norris,44,26norris7811@asfm.mx
6450,Alyson Miles,66,26miles6450@asfm.mx
8874,Jimmy Neal,63,25neal8874@asfm.mx
6638,Jeremy Nichols,70,23nichols6638@asfm.mx
9998,Raquel Walter,63,25walter9998@asfm.mx
6124,Malakai Mcgrath,94,25mcgrath6124@asfm.mx
7441,Athena Kerr,76,25kerr7441@asfm.mx
6213,Leyla Chaney,86,26chaney6213@asfm.mx
7851,Cassie Hensley,98,24hensley7851@asfm.mx
7686,Kaila Kelly,47,24kelly7686@asfm.mx
6238,Daniella Crawford,86,23crawford6238@asfm.mx
9448,Koen Alexander,75,26alexander9448@asfm.mx
7175,Henry Fisher,45,23fisher7175@asfm.mx
