"First Name","Last Name","Gender"
"Charlie","Crawford","Male"
"Alberta","Mason","Female"
"Abigail","Morgan","Female"
"Lucas","Riley","Male"
"Paul","Hunt","Male"
"Harold","Walker","Male"
"Adrian","Foster","Male"
"Eleanor","Mitchell","Female"
"Ada","Brown","Female"
"Amber","Armstrong","Female"
"Daniel","West","Male"
"Roland","Riley","Male"
"Brad","Martin","Male"
"Sabrina","Spencer","Female"
"Byron","Johnston","Male"
"Julian","Chapman","Male"
"Oscar","Perkins","Male"
"Paige","Riley","Female"
"Abraham","Alexander","Male"
"Dale","Campbell","Male"
"Lyndon","Stevens","Male"
"Evelyn","Owens","Female"
"Martin","Warren","Male"
"Kelvin","Myers","Male"
"Edgar","Brooks","Male"
"Daryl","Chapman","Male"
"Oliver","Hill","Male"
"Charlie","Hawkins","Male"
"Aston","Mitchell","Male"
"Michael","Smith","Male"
"Owen","Andrews","Male"
"Victor","Watson","Male"
"Fiona","Wells","Female"
"David","Morris","Male"
"Anna","Murray","Female"
"Kelvin","Foster","Male"
"Haris","Elliott","Male"
"Carina","Henderson","Female"
"Alen","Hall","Male"
"Sofia","Kelley","Female"
"Vincent","Brooks","Male"
"Alissa","Roberts","Female"
"Adison","Gray","Male"
"Lenny","Ryan","Male"
"Miller","Baker","Male"
"Edward","Walker","Male"
"Sofia","Russell","Female"
"Adam","Cole","Male"
"George","Hawkins","Male"
"Madaline","Stevens","Female"
"Vincent","Barnes","Male"
"Brianna","Wright","Female"
"Jacob","Reed","Male"
"Alberta","Thomas","Female"
"Chelsea","Ryan","Female"
"Edwin","Lloyd","Male"
"Jessica","Hill","Female"
"Aida","Holmes","Female"
"Aida","Hamilton","Female"
"Sienna","Perkins","Female"
"Amber","Hamilton","Female"
"Amy","Douglas","Female"
"Preston","Watson","Male"
"Edwin","Mitchell","Male"
"Dominik","Hall","Male"
"Aldus","Grant","Male"
"Leonardo","Howard","Male"
"Blake","Richardson","Male"
"Dainton","Murray","Male"
"Valeria","Payne","Female"
"Kelsey","Richardson","Female"
"Reid","Scott","Male"
"Daniel","Wilson","Male"
"Ashton","Morris","Male"
"Tyler","Edwards","Male"
"Lyndon","Wilson","Male"
"Penelope","Montgomery","Female"
"Amber","Harris","Female"
"Frederick","Evans","Male"
"Kristian","Hall","Male"
"Melissa","Owens","Female"
"Nicole","Hill","Female"
"Amanda","Wilson","Female"
"Aston","Robinson","Male"
"Rebecca","Kelly","Female"
"Deanna","Foster","Female"
"Martin","Farrell","Male"
"Chester","Robinson","Male"
"Ellia","Kelly","Female"
"Lucia","Ross","Female"
"Amanda","Taylor","Female"
"Andrew","Adams","Male"
"Luke","Riley","Male"
"Audrey","Perry","Female"
"Heather","Turner","Female"
"Alissa","Foster","Female"
"Natalie","Kelley","Female"
"Victoria","Cameron","Female"
"Ryan","Hunt","Male"
"Maria","Harper","Female"
